id;sample;age;gender;job;country;DMW1;DMW2;DMW4;SMW1;SMW2;SMW4;MW_IMC_7;DMW3;SMW3;SDMWSTimeStamp;SBPS1;SBPS2;SBPS3;SBPS4;SBPS5;SBPS6;SBPS7;SBPS8;SBPS_IMC_6;BPSSRTimeStamp;BFI1_r;BFI2;BFI3;BFI4;BFI5_r;BFI6_r
519;de;39;F;Academic Profession;Switzerland;4;4;4;5;5;5;7;3;5;20:53:14;2;1;2;2;2;2;2;1;6;20:57:01;4;5;4;5;5;4
384;de;50;F;Technicians;Switzerland;7;7;7;4;6;4;7;7;1;11:01:54;1;1;2;1;1;1;1;1;6;11:03:45;5;5;5;5;5;5
127;de;60;F;-oth-;Switzerland;7;7;7;7;7;7;7;7;7;07:17:21;6;6;6;6;6;6;6;6;6;07:18:47;4;5;5;3;5;5
479;de;31;F;Service Sector;Switzerland;7;7;7;2;3;5;7;6;3;14:42:54;2;1;3;5;4;4;3;1;6;14:41:28;4;4;4;4;3;4
538;de;37;F;Academic Profession;Switzerland;1;7;6;4;4;6;7;2;5;20:32:51;2;1;3;1;1;1;1;1;6;20:31:28;4;4;4;2;4;2
457;de;43;F;Social Services ;Switzerland;3;2;2;4;3;3;7;5;4;17:42:46;2;1;2;2;2;2;1;1;6;17:44:42;2;5;4;3;2;3
410;de;56;M;Academic Profession;Switzerland;3;7;7;4;4;4;7;7;2;14:50:34;1;1;4;2;4;1;1;1;6;14:53:20;5;4;4;5;5;3
80;de;28;F;Service Sector;Switzerland;1;1;1;7;4;5;7;1;3;22:49:34;2;1;1;3;1;2;1;1;6;22:47:29;1;4;4;2;1;3
125;de;27;F;Social Services ;Germany;3;3;3;3;3;3;7;6;4;07:05:45;1;1;1;1;2;1;1;1;6;07:06:33;2;4;4;4;4;2
521;de;30;F;Students;Switzerland;4;4;6;3;5;7;7;7;5;15:59:20;5;4;2;4;5;3;4;2;6;15:56:24;4;5;4;5;5;4
469;de;40;F;Academic Profession;Switzerland;6;6;6;6;5;6;7;6;4;14:32:49;2;1;4;2;2;2;1;1;6;14:33:47;4;5;3;5;5;3
260;de;24;F;Students;Germany;1;1;5;3;2;1;7;1;1;18:12:02;2;1;1;2;1;1;1;2;6;18:10:58;3;4;4;4;4;5
293;de;26;F;Students;Germany;2;3;5;5;4;6;7;2;5;22:41:04;5;2;2;4;2;2;1;2;6;22:42:32;2;5;3;2;2;4
514;de;28;M;Students;Switzerland;3;5;6;3;5;4;7;5;2;08:46:00;2;3;5;2;4;4;2;3;6;08:46:11;5;5;4;5;5;4
128;de;29;F;Students;Germany;4;3;2;5;5;5;7;5;4;07:15:26;2;1;3;2;2;2;3;1;6;07:17:07;2;3;4;4;2;2
103;de;23;F;Students;Switzerland;3;5;7;6;5;4;7;6;2;23:46:53;3;1;5;2;3;1;1;1;6;23:47:45;2;5;4;4;4;4
270;de;29;F;Students;Switzerland;6;4;6;6;6;6;7;5;3;12:27:40;4;4;2;1;3;1;1;2;6;12:28:53;3;4;4;4;5;5
403;de;40;M;Academic Profession;Switzerland;3;4;4;3;2;4;7;5;5;14:20:00;2;2;2;2;1;2;1;1;6;14:19:08;5;5;4;5;5;4
385;de;53;M;Social Services ;Switzerland;4;5;3;5;2;2;7;4;3;11:22:15;2;1;2;2;2;1;3;2;6;11:23:42;4;5;3;5;5;4
471;de;23;F;Service Sector;Germany;2;6;6;4;5;3;7;6;2;19:58:25;5;3;2;2;2;6;2;2;6;19:59:52;2;4;5;2;4;5
482;de;28;F;Service Sector;Switzerland;6;5;5;6;4;5;7;6;5;16:29:59; ; ; ; ; ; ; ; ; ; ; ; ; ; ; ; 
394;de;29;F;Service Sector;Switzerland;5;5;6;5;4;3;7;4;2;12:58:57;1;1;1;1;1;1;2;1;6;12:57:01;3;4;3;4;2;3
504;de;37;M;;Switzerland;3;7;7;5;7;6;7;4;6;16:49:26;2;1;2;3;2;1;1;1;6;16:47:47;4;4;3;4;4;4
466;de;26;F;Service Sector;Switzerland;3;6;7;4;6;4;7;5;3;09:27:03;2;1;3;3;1;1;2;2;6;09:28:39;5;3;4;4;5;4
170;de;21;F;Service Sector;Switzerland;1;2;2;6;3;7;7;4;6;12:45:15;4;1;2;2;3;1;1;3;6;12:47:12; ; ; ; ; ; 
93;de;22;F;Students;Switzerland;5;7;6;5;3;4;7;7;2;18:11:22;3;4;1;2;2;1;1;1;6;18:12:08;4;5;5;5;5;3
227;de;22;M;Technicians;Switzerland;3;5;7;3;5;4;7;5;2;11:01:11;2;2;4;4;5;2;1;6;6;11:00:19;1;5;3;3;4;3
132;de;22;F;Academic Profession;Switzerland;7;6;6;2;7;1;7;5;1;07:45:55;2;1;3;2;3;2;2;2;6;07:47:33;2;4;4;3;5;5
72;de;23;F;Service Sector;Switzerland;7;7;6;5;5;6;7;7;2;22:37:52;3;3;4;4;5;2;1;4;6;22:38:54;2;5;4;5;2;4
66;de;23;M;Technicians;Switzerland;5;7;7;5;5;5;7;6;3;22:05:56;3;3;2;2;2;2;1;2;6;22:07:29;5;5;4;5;5;5
225;de;23;F;Social Services ;Switzerland;1;1;5;1;1;1;7;1;1;10:52:50;1;1;1;1;1;1;2;1;6;10:52:05;3;4;4;4;4;4
121;de;24;F;Service Sector;Switzerland;4;6;2;6;5;4;7;4;3;06:52:58;2;2;2;4;2;2;2;2;6;06:56:38;1;4;2;2;4;5
362;de;25;M;Students;Switzerland;1;2;2;1;7;4;7;3;1;08:33:29;1;1;5;6;3;1;3;1;6;08:34:54;5;2;4;4;2;5
389;de;25;M;Students;Switzerland;3;7;5;7;7;7;7;7;5;12:32:54;3;5;4;6;4;3;3;7;6;12:33:28;3;5;5;5;5;1
65;de;26;F;Academic Profession;Switzerland;4;6;5;7;6;7;7;7;5;15:31:06;5;2;6;6;5;6;2;2;6;15:34:29;5;5;4;5;1;1
451;de;27;F;Academic Profession;Switzerland;5;6;5;5;3;5;7;6;3;14:05:21;2;3;2;2;2;3;2;2;6;14:06:29;4;5;4;5;5;3
407;de;27;M;Students;Switzerland;1;5;6;5;6;6;7;2;4;14:44:07;5;1;3;5;2;1;2;1;6;14:45:35;1;5;2;2;4;3
357;de;28;F;Students;Switzerland;5;5;5;4;5;5;7;3;2;09:24:44;3;5;4;3;3;3;4;1;6;09:23:49;2;4;3;4;2;3
232;de;29;M;Technicians;Switzerland;2;4;5;3;3;2;7;4;2;11:26:34;3;2;3;3;2;3;2;4;6;11:28:41;4;4;3;3;4;4
518;de;29;F;Students;Switzerland;4;4;5;3;5;6;7;7;3;22:10:18;2;2;2;2;2;2;2;2;6;22:12:11;2;4;4;3;3;4
56;de;29;F;Sales;Switzerland;4;4;4;4;4;4;7;4;4;21:09:08;4;4;4;4;4;4;4;4;6;21:09:25;3;3;3;3;3;3
506;de;30;F;Service Sector;Switzerland;6;7;6;4;5;4;7;6;2;18:38:42;2;1;3;1;2;2;2;1;6;18:37:38;4;5;3;5;4;3
533;de;30;M;Service Sector;Switzerland;3;3;5;4;6;7;7;4;5;16:59:46;2;2;2;2;5;3;2;2;6;16:58:35;2;4;3;4;4;4
426;de;32;F;Technicians;Switzerland;4;3;2;7;3;4;7;1;2;20:57:27;2;1;3;2;1;2;1;1;6;20:55:13;1;5;3;4;2;4
417;de;34;F;Academic Profession;Switzerland;3;5;6;5;7;3;7;4;2;17:52:50;1;1;1;1;1;3;1;1;6;17:51:39;3;5;3;5;5;3
437;de;36;F;Service Sector;Switzerland;3;5;4;4;4;3;7;5;3;08:19:38;2;4;2;1;5;4;3;3;6;08:21:18;3;5;5;5;5;5
94;de;36;F;Service Sector;Switzerland;7;3;6;6;2;1;7;3;5;23:15:47;4;1;1;3;1;2;1;1;6;23:17:12;5;5;4;1;4;5
441;de;36;F;Social Services ;Switzerland;3;3;4;4;6;6;7;7;6;09:03:11;4;1;6;6;2;2;2;1;6;09:04:11;4;5;5;4;3;4
371;de;37;M;Service Sector;Switzerland;5;6;6;5;5;4;7;4;4;10:02:34;2;2;2;5;3;3;3;1;6;10:01:27;2;5;4;4;5;4
106;de;37;F;Social Services ;Switzerland;3;4;4;4;2;3;7;1;3;00:28:58;3;2;1;2;2;2;3;2;6;00:27:37;2;5;3;5;4;4
373;de;38;M;Social Services ;Switzerland;5;6;6;6;5;4;7;7;3;10:04:00;3;1;2;3;2;2;3;1;6;10:05:17;4;5;4;5;5;5
540;de;39;F;Students;Switzerland;3;5;5;5;3;2;7;5;4;11:57:25;2;1;2;1;1;1;2;3;6;11:59:00;4;5;5;5;5;5
474;de;39;F;Service Sector;Switzerland;5;4;5;5;5;4;7;3;3;22:22:29;1;1;5;1;1;1;1;1;6;22:21:28;4;5;2;4;3;4
517;de;39;F;Academic Profession;Switzerland;4;4;5;5;5;5;7;4;6;21:11:33;3;3;2;3;2;2;2;1;6;21:13:26;4;5;4;5;2;4
92;de;40;M;service Sector;Switzerland;2;2;4;1;2;4;7;2;2;23:02:05;5;1;3;2;1;1;1;1;6;23:00:44;2;4;3;4;1;3
525;de;41;F;Academic Profession;Switzerland;2;6;7;1;7;3;7;1;6;14:27:51;2;1;1;2;2;2;1;1;6;14:29:15;3;4;3;4;5;5
372;de;43;F;Academic Profession;Switzerland;4;6;6;2;6;5;7;7;2;10:03:00;5;1;6;1;5;7;4;2;6;10:03:12;4;5;5;5;5;5
233;de;47;M;Technicians;Switzerland;1;1;4;1;1;1;7;4;1;12:11:37;2;1;1;1;1;1;1;1;6;12:10:35;5;5;4;5;5;4
406;de;49;M;Academic Profession;Switzerland;6;6;6;4;5;6;7;6;5;14:42:03;4;2;5;2;3;2;2;2;6;14:43:18;3;4;4;4;5;4
424;de;50;F;Academic Profession;Switzerland;4;5;5;5;5;5;7;5;3;20:28:29;4;2;3;4;3;2;2;2;6;20:26:23;2;3;3;3;3;3
476;de;51;F;Service Sector;Switzerland;5;7;7;7;7;5;7;4;4;08:31:02;7;1;3;1;1;1;1;1;6;08:33:47;5;5;3;5;5;3
397;de;52;F;Academic Profession;Switzerland;2;2;2;2;6;1;7;7;2;13:30:33;1;1;1;1;1;1;1;1;6;13:32:58;5;5;5;5;5;5
386;de;57;F;Students;Switzerland;6;6;5;5;3;6;7;6;4;11:30:38;2;1;6;2;2;2;1;1;6;11:32:16;3;4;4;4;4;5
104;de;63;F;Service Sector;Switzerland;3;3;3;3;3;3;7;5;4;23:53:56;2;2;3;3;5;2;2;1;6;23:52:41;2;3;3;3;1;3
276;de;40;F;Academic Profession;Germany;1;2;1;2;1;2;7;3;3;15:27:44;1;1;3;1;1;1;1;1;6;15:26:30;3;4;3;4;2;3
267;de;40;F;Academic Profession;Germany;5;4;5;3;5;2;7;5;2;11:38:55;2;2;3;1;2;1;3;1;6;11:40:16;4;5;4;5;5;4
313;de;50;F;Service Sector;Germany;2;2;2;5;3;3;7;4;3;14:03:28;2;1;2;1;2;2;2;2;6;14:05:17;3;5;4;5;5;4
277;de;35;F;Service Sector;Germany;4;3;6;4;3;2;7;4;3;15:28:26;2;2;1;1;1;2;1;2;6;15:29:33;4;5;4;5;4;4
113;de;26;F;Students;Germany;1;4;5;2;2;1;7;4;1;05:37:14;1;2;1;1;1;1;1;1;6;05:38:13;1;5;4;2;4;5
216;de;18;M;Students;Germany;5;6;7;5;6;4;7;6;2;01:12:32; ; ; ; ; ; ; ; ; ; ; ; ; ; ; ; 
391;de;18;M;Students;Germany;5;5;6;4;6;6;7;6;3;13:38:54;4;3;3;2;2;3;3;4;6;13:41:43;3;5;4;3;4;2
130;de;18;F;Students;Germany;6;6;7;7;5;5;7;4;6;07:35:35;6;5;4;5;4;2;2;3;6;07:34:10;2;3;5;4;3;4
122;de;18;F;Students;Germany;7;7;7;1;2;1;7;3;1;07:02:21;4;1;3;1;1;1;3;1;6;07:01:30;4;5;3;4;5;3
65;de;19;F;Students;Germany;3;5;4;5;4;6;7;7;3;22:02:10;1;2;2;1;1;2;1;2;6;22:03:12;4;4;4;3;1;5
180;de;19;F;Technicians;Germany;4;4;4;5;5;5;7;4;5;15:41:09;5;6;4;4;4;3;6;5;6;15:41:53;1;4;3;3;4;5
102;de;19;F;Students;Germany;3;2;6;5;6;1;7;6;3;23:47:15;1;3;4;1;3;2;3;1;6;23:48:34;2;3;3;2;5;3
206;de;20;F;Service Sector;Germany;1;1;4;5;7;6;7;1;6;22:05:53;7;6;5;7;5;7;5;6;6;22:04:12;5;4;4;4;4;3
136;de;20;F;Students;Germany;1;2;2;2;4;5;7;4;2;08:09:05; ; ; ; ; ; ; ; ; ; ; ; ; ; ; ; 
261;de;20;F;Students;Germany;5;6;4;5;4;5;7;4;5;20:23:22;4;5;3;4;4;4;5;3;6;20:20:55;5;5;4;5;2;3
242;de;20;F;Students;Germany;5;6;6;6;7;6;7;6;5;16:54:09;6;3;3;5;5;3;2;4;6;16:53:33;5;5;3;5;5;4
159;de;21;F;Students;Germany;1;5;4;5;5;5;7;1;4;11:25:32; ; ; ; ; ; ; ; ; ; ; ; ; ; ; ; 
315;de;21;F;Students;Germany;2;3;3;4;4;7;7;6;5;14:08:34;1;2;4;1;4;3;1;4;6;14:09:35;3;5;4;3;3;4
60;de;21;F;Social Services ;Germany;5;7;7;7;7;7;7;7;4;23:27:09;7;7;4;2;2;2;7;5;6;23:28:08;4;4;3;5;5;4
325;de;21;M;Students;Germany;2;4;7;3;7;5;7;6;2;15:10:16;7;7;6;1;7;7;2;5;6;15:11:24;1;2;3;4;2;2
326;de;21;F;Students;Germany;5;4;7;5;6;6;7;5;3;15:12:28;5;2;5;4;5;2;3;2;6;15:13:26;5;4;4;5;5;5
308;de;21;F;Students;Germany;3;5;6;5;5;5;7;6;4;13:08:04;2;2;2;2;2;3;2;3;6;13:08:38;4;4;4;4;3;4
268;de;21;F;Students;Germany;2;5;4;5;5;6;7;7;1;11:49:47;4;6;6;7;5;5;1;2;6;11:50:55;2;3;3;3;1;4
69;de;22;F;Students;Germany;5;5;5;1;1;1;7;6;2;15:51:13;3;1;4;1;3;1;1;1;6;15:52:52;5;4;2;5;4;2
328;de;22;F;Students;Germany;3;4;3;4;3;5;7;5;2;15:41:04;4;2;2;1;1;2;2;2;6;15:40:03;3;4;4;4;2;4
380;de;22;F;Students;Germany;6;6;6;4;2;2;7;2;2;10:29:22;1;1;1;1;1;1;1;1;6;10:28:22;3;5;4;4;5;4
210;de;22;M;Students;Germany;5;5;4;6;5;4;7;6;3;22:58:21;4;4;3;3;5;4;4;5;6;23:00:16; ; ; ; ; ; 
83;de;22;F;Students;Germany;3;6;6;5;5;7;7;3;7;22:50:17;5;1;4;2;1;3;3;1;6;22:48:33;4;5;5;2;5;5
97;de;22;F;Students;Germany;2;2;4;5;3;3;7;2;1;23:27:36;2;2;1;1;1;1;1;1;6;23:28:56;3;5;3;5;4;4
201;de;22;M;-oth-;Germany;4;5;7;3;5;6;7;5;5;21:08:44;5;5;4;7;6;5;5;5;6;21:09:43;3;4;4;4;3;3
155;de;23;F;Students;Germany;5;7;7;2;7;5;7;6;2;10:49:06;4;1;2;2;3;2;2;1;6;10:50:29;3;4;5;3;5;1
138;de;23;F;Service Sector;Germany;2;3;1;5;5;6;7;2;4;08:13:24; ; ; ; ; ; ; ; ; ; ; ; ; ; ; ; 
214;de;23;F;Students;Germany;2;7;2;5;5;6;7;7;5;00:18:52;5;4;6;3;2;2;5;2;6;00:17:35;1;2;4;3;4;4
275;de;23;F;Service Sector;Germany;4;4;6;6;6;6;7;6;5;15:06:20;5;2;5;5;3;4;4;2;6;15:07:08;4;4;4;3;3;4
298;de;23;F;Social Services ;Germany;5;5;6;3;3;3;7;7;2;23:38:10;5;1;1;1;1;1;1;3;6;23:39:30;3;5;4;3;4;5
319;de;23;F;Service Sector;Germany;4;3;5;6;6;6;7;2;6;14:21:53;2;3;3;2;3;5;2;2;6;14:23:02;2;4;3;4;2;4
195;de;23;F;Service Sector;Germany;2;4;6;7;6;7;7;5;6;19:42:47;6;3;4;4;2;2;4;2;6;19:43:50;1;5;4;1;2;4
330;de;23;F;Service Sector;Germany;2;7;5;7;7;7;7;4;6;16:17:46;5;5;4;4;5;5;3;1;6;16:18:52;5;5;4;5;5;5
316;de;23;F;Service Sector;Germany;1;3;6;2;4;5;7;5;1;14:12:26;5;5;1;1;5;1;2;1;6;14:13:24;2;3;4;3;2;1
283;de;23;F;Students;Germany;6;3;6;7;4;6;7;1;3;18:22:12;4;1;3;1;1;1;2;1;6;18:22:42;1;2;3;1;2;4
137;de;23;F;Students;Germany;6;6;6;5;2;7;7;2;4;08:12:44;5;1;3;6;5;6;1;1;6;08:13:52;2;5;4;3;4;3
165;de;24;F;Students;Germany;6;5;2;7;3;5;7;4;6;12:21:02;4;2;1;1;2;4;2;1;6;12:19:01;1;4;4;3;5;3
398;de;24;F;Service Sector;Germany;6;6;6;6;6;6;7;6;6;13:34:18;4;4;4;5;4;4;4;4;6;13:34:32;4;4;4;2;3;3
118;de;24;F;Technicians;Germany;2;3;2;5;4;6;7;2;5;06:32:04;2;1;2;1;2;3;1;2;6;06:33:21;2;3;2;4;2;2
84;de;24;F;;Germany;6;6;6;6;5;5;7;6;4;22:50:22;5;4;5;5;4;4;5;6;6;22:49:00;4;5;5;4;4;3
78;de;24;F;Students;Germany;2;2;4;4;3;5;7;5;2;22:48:07;3;2;2;2;5;2;2;1;6;22:47:03;2;3;4;3;3;4
67;de;24;F;Social Services ;Germany;5;2;4;5;4;5;7;3;3;22:14:56;5;4;6;3;3;3;5;1;6;22:16:00;3;5;3;4;5;3
64;de;24;F;Academic Profession;Germany;6;4;6;6;6;5;7;6;3;10:40:01;6;3;4;5;5;5;3;3;6;10:40:47;4;3;4;4;4;4
327;de;24;F;Social Services ;Germany;5;4;6;4;3;5;7;4;4;15:27:38;2;3;1;2;2;2;3;1;6;15:28:24;2;3;3;4;2;4
164;de;24;F;Students;Germany;3;5;5;2;6;4;7;7;3;12:17:41; ; ; ; ; ; ; ; ; ; ; ; ; ; ; ; 
317;de;25;F;Service Sector;Germany;1;3;2;4;3;3;7;2;3;14:17:34;1;4;2;2;1;3;1;1;6;14:16:20;2;5;5;3;5;5
193;de;25;F;Service Sector;Germany;2;2;5;2;6;1;7;2;1;19:14:43;1;1;3;2;2;1;2;1;6;19:18:14;3;4;4;3;4;5
296;de;25;F;Technicians;Germany;5;3;5;4;5;5;7;5;3;23:06:34;3;5;4;2;4;6;4;2;6;23:05:25;3;4;3;3;2;2
266;de;25;F;Technicians;Germany;2;5;7;7;5;7;7;1;5;22:11:48;6;5;2;3;2;5;4;1;6;22:12:44;2;3;5;4;5;4
331;de;25;F;Service Sector;Germany;3;4;6;4;5;5;7;5;4;17:35:42;2;1;5;4;2;2;4;1;6;17:37:05;2;4;3;4;4;4
286;de;25;F;Service Sector;Germany;1;3;4;5;5;5;7;4;3;19:44:30;3;1;3;2;5;3;2;2;6;19:45:37;1;4;4;3;5;3
294;de;25;F;Social Services ;Germany;4;4;5;7;3;7;7;6;3;22:58:28;5;1;4;4;5;3;3;5;6;23:00:09;1;2;3;2;2;3
61;de;25;F;Students;Germany;4;4;4;4;4;4;7;4;4;11:34:53;2;2;2;2;2;2;2;2;6;11:40:18;4;4;3;3;3;4
354;de;26;F;Academic Profession;Germany;1;1;1;3;5;7;7;1;7;09:20:37;5;2;4;5;5;2;6;1;6;09:21:50;2;4;3;3;4;3
324;de;26;F;Service Sector;Germany;1;2;1;5;1;7;7;1;6;15:06:42;5;1;6;6;2;7;6;4;6;15:07:44;1;3;1;2;1;5
348;de;26;M;Service Sector;Germany;5;6;4;5;4;6;7;7;3;22:43:52;6;3;4;6;6;5;4;2;6;22:44:38;4;5;4;4;1;4
70;de;26;F;Technicians;Germany;2;5;6;5;5;5;7;3;5;22:25:06;5;3;1;1;2;2;4;1;6;22:26:31;1;5;4;3;3;4
105;de;26;F;Service Sector;Germany;3;3;4;6;6;7;7;7;5;23:58:37;3;5;3;4;5;6;2;5;6;23:57:01;4;4;4;5;3;4
71;de;26;F;Service Sector;Germany;4;4;4;4;4;4;7;4;3;14:21:44;4;6;6;5;6;5;6;1;6;14:21:00;2;3;4;4;4;2
341;de;26;F;Technicians;Germany;1;2;3;4;3;3;7;3;2;20:34:50;3;3;2;2;3;3;3;2;6;20:36:24;4;3;3;3;2;4
292;de;26;F;Academic Profession;Germany;2;2;7;1;6;6;7;3;7;22:10:48;7;1;5;5;1;2;1;1;6;22:09:41;5;5;2;5;2;1
237;de;26;F;Academic Profession;Germany;4;6;5;5;5;5;7;3;2;14:05:00;2;3;2;2;2;2;2;2;6;14:06:37;4;4;4;4;4;4
393;de;26;F;Students;Germany;2;2;5;5;3;6;7;5;2;12:51:49;3;1;2;5;3;2;2;1;6;12:52:58;1;4;5;5;4;5
72;de;26;F;Students;Germany;5;5;5;6;5;6;7;6;6;13:35:24;6;6;5;5;6;5;5;6;6;13:33:54;3;4;4;3;3;4
340;de;26;F;Academic Profession;Germany;5;6;6;6;5;3;7;4;5;20:32:53;1;1;1;1;2;1;1;2;6;20:31:26;4;5;3;3;5;4
58;de;27;M;Service Sector;Germany;6;6;6;3;5;4;7;6;2;13:14:27;2;1;3;2;3;3;2;2;6;13:14:56;3;5;4;3;4;4
279;de;27;F;Social Services ;Germany;5;7;4;4;6;7;7;6;4;15:41:51;5;2;2;7;5;6;2;1;6;15:43:17;5;2;2;5;2;4
162;de;27;M;Service Sector;Germany;2;3;3;4;4;4;7;3;5;11:35:58;3;1;4;2;3;2;1;2;6;11:34:21;4;5;4;5;3;5
70;de;27;M;-oth-;Germany;5;5;6;5;4;4;7;5;3;14:47:46;1;2;2;7;3;2;2;1;6;14:45:54;5;5;5;5;5;5
318;de;27;F;Service Sector;Germany;1;4;4;6;5;5;7;3;4;14:22:34;3;2;2;1;2;3;1;1;6;14:22:14; ; ; ; ; ; 
446;de;27;F;Students;Germany;6;6;6;6;6;5;7;4;5;10:55:44;3;3;4;2;3;3;3;3;6;10:56:13;1;5;3;5;3;2
200;de;27;F;Service Sector;Germany;5;6;6;4;6;3;7;2;2;21:02:30;2;2;3;3;2;2;3;2;6;21:01:07;3;4;5;4;5;5
336;de;28;F;Service Sector;Germany;4;5;4;4;2;3;7;3;2;19:22:42;3;2;3;2;2;3;4;1;6;19:21:29;4;4;2;4;4;2
312;de;28;F;Social Services ;Germany;5;4;3;4;4;4;7;5;5;13:46:32;2;1;3;2;3;3;1;2;6;13:47:57;3;4;3;4;4;4
189;de;29;F;Service Sector;Germany;3;3;3;5;7;6;7;3;5;17:15:28;2;2;3;2;2;2;2;1;6;17:17:25;3;4;3;3;1;4
295;de;29;M;Social Services ;Germany;5;7;7;5;7;5;7;7;4;23:05:45;2;2;6;4;5;3;3;6;6;23:07:08;3;5;2;5;5;4
129;de;30;F;Social Services ;Germany;5;5;7;3;3;5;7;7;3;07:15:43;1;1;2;4;1;1;1;3;6;07:16:45;1;5;4;5;4;2
109;de;30;F;Service Sector;Germany;6;5;7;5;4;4;7;2;3;00:36:19;4;2;2;3;4;4;2;2;6;00:37:49;3;3;3;3;4;3
117;de;30;F;Service Sector;Germany;2;3;4;5;5;4;7;4;2;06:31:46;2;2;3;3;4;4;2;2;6;06:32:46;2;5;4;3;4;4
338;de;30;F;Service Sector;Germany;3;3;4;4;3;4;7;2;2;19:48:09;2;2;4;5;3;3;3;1;6;19:47:26; ; ; ; ; ; 
290;de;30;F;Service Sector;Germany;3;3;6;5;2;3;7;4;5;21:19:46;2;2;2;2;3;2;3;1;6;21:20:56;3;3;2;5;2;2
321;de;31;F;Service Sector;Germany;5;4;5;5;6;4;7;4;2;15:46:21;5;6;4;4;4;5;4;3;6;15:47:09;1;5;3;3;3;4
68;de;31;F;Social Services ;Germany;7;3;7;4;5;5;7;5;6;22:20:30;2;1;2;7;6;5;2;1;6;22:21:47;4;3;3;4;2;4
134;de;31;F;Service Sector;Germany;6;4;5;5;7;6;7;4;4;07:57:58;2;1;7;3;5;2;5;1;6;08:00:23;5;3;3;5;3;5
329;de;31;F;Academic Profession;Germany;3;2;4;4;7;7;7;5;4;16:00:36;6;1;4;4;4;4;5;1;6;15:59:47;3;3;3;3;3;3
215;de;31;F;Sales;Germany;1;7;3;7;4;4;7;1;7;00:27:39;7;7;1;7;7;7;7;5;6;00:29:44;1;2;3;1;2;1
154;de;32;F;Service Sector;Germany;5;6;4;3;4;6;7;5;4;10:39:48;2;5;3;1;5;2;1;2;6;10:41:21;3;3;3;4;1;2
202;de;32;F;-oth-;Germany;4;5;5;4;5;4;7;7;3;21:26:21;3;1;1;2;2;2;1;1;6;21:27:57;5;4;3;5;5;4
350;de;32;F;Academic Profession;Germany;5;5;6;5;1;3;7;6;1;08:06:22;1;1;1;1;1;1;1;1;6;08:05:28;4;5;4;4;3;4
345;de;32;F;Academic Profession;Germany;2;7;5;4;2;4;7;7;4;21:28:36;4;1;6;7;4;1;2;2;6;21:30:12;5;5;5;5;5;5
485;de;33;F;Service Sector;Germany;4;5;7;6;5;3;7;2;4;21:09:58;3;5;1;2;5;5;1;5;6;21:11:26;3;5;3;4;5;5
81;de;33;F;Service Sector;Germany;1;4;6;2;5;3;7;2;2;23:48:27;1;1;1;1;1;1;1;1;6;23:47:34; ; ; ; ; ; 
100;de;33;F;Academic Profession;Germany;1;5;5;2;4;1;7;7;5;23:35:08;2;1;5;2;4;1;2;1;6;23:34:02;3;3;5;5;5;5
150;de;35;F;Social Services ;Germany;1;3;5;4;1;2;7;2;3;09:47:33;4;2;2;1;2;2;1;1;6;09:46:01;3;4;5;3;4;5
304;de;35;F;Social Services ;Germany;5;5;5;5;5;5;7;4;5;10:39:13;2;2;2;2;2;2;2;1;6;10:40:19;1;4;3;4;2;4
339;de;36;F;Students;Germany;6;7;7;4;3;3;7;6;3;20:17:14;2;2;1;2;1;2;2;1;6;20:19:01;3;4;5;3;5;5
342;de;36;M;Social Services ;Germany;5;6;6;6;7;5;7;7;2;20:49:57;4;4;5;2;2;2;5;7;6;20:48:43;5;5;4;5;5;4
289;de;36;M;Academic Profession;Germany;2;5;3;3;5;3;7;2;3;20:59:57;3;2;2;3;2;2;3;1;6;21:00:49;4;4;4;4;4;2
291;de;37;F;Social Services ;Germany;6;6;7;5;3;6;7;7;1;21:50:06;2;1;3;1;2;2;2;6;6;21:51:14;2;5;5;3;2;2
231;de;38;F;Social Services ;Germany;3;5;7;6;5;2;7;2;2;11:28:26;1;1;1;1;1;1;1;1;6;11:33:40;1;3;4;1;5;5
112;de;38;F;Academic Profession;Germany;5;6;7;4;6;4;7;7;4;04:57:06;3;3;5;2;5;5;2;2;6;04:58:48;3;5;4;5;5;5
305;de;38;F;Social Services ;Germany;2;3;4;3;5;5;7;5;4;10:39:45;4;2;4;3;4;4;4;2;6;10:41:01;3;4;3;3;2;4
484;de;40;F;Social Services ;Germany;2;2;3;1;2;3;7;5;3;20:52:04;5;2;2;2;3;2;1;3;6;20:50:52;2;4;3;4;2;3
241;de;40;F;Service Sector;Germany;5;6;6;2;2;2;7;5;6;16:21:06;2;2;2;2;3;2;2;1;6;16:22:12;4;4;2;4;4;4
224;de;41;F;Social Services ;Germany;4;4;4;3;3;3;7;5;2;09:59:45;1;1;3;2;3;1;2;1;6;09:58:05;3;4;3;5;2;4
74;de;41;M;Service Sector;Germany;3;4;5;3;4;2;7;5;6;22:39:09;1;1;1;1;1;2;1;1;6;22:39:58;2;4;4;4;2;4
133;de;42;F;Service Sector;Germany;1;2;1;2;6;6;7;2;5;07:58:24;1;2;2;2;2;1;1;1;6;07:56:24;1;3;3;2;4;4
131;de;42;F;Social Services ;Germany;1;2;3;5;2;5;7;2;3;07:38:23;2;1;2;1;2;1;1;1;6;07:39:48;4;5;3;4;4;5
63;de;43;F;Academic Profession;Germany;5;6;7;4;5;4;7;7;3;22:46:07;6;1;2;3;3;2;1;2;6;22:46:41;3;4;3;4;3;3
119;de;43;F;Service Sector;Germany;6;7;7;6;4;6;7;7;5;06:33:56;2;1;2;1;2;2;1;1;6;06:36:10;4;4;1;4;3;2
66;de;44;F;Service Sector;Germany;1;3;3;4;7;7;7;3;6;15:43:31;5;2;5;7;5;5;7;5;6;15:42:18;4;5;4;4;5;5
116;de;45;F;Service Sector;Germany;4;5;2;3;5;1;7;2;1;06:21:51;1;1;1;1;1;1;1;3;6;06:20:50;2;5;3;4;3;5
123;de;46;M;Technicians;Germany;5;3;7;2;5;1;7;1;1;07:05:53;1;1;1;1;1;1;1;1;6;07:08:24;4;5;5;5;3;5
213;de;47;F;Service Sector;Germany;2;5;6;4;7;5;7;7;3;23:27:00;3;2;2;2;2;2;2;2;6;23:25:22;3;4;5;3;5;5
198;de;50;F;Service Sector;Germany;2;2;3;5;3;4;7;2;4;20:18:36;6;1;3;3;4;4;2;2;6;20:16:10;3;3;4;5;2;5
416;de;50;M;-oth-;Germany;1;4;2;4;4;1;7;2;6;17:44:30;1;1;2;2;2;2;1;3;6;17:45:55;5;5;5;5;5;5
249;de;51;F;Service Sector;Germany;4;5;4;4;5;4;7;3;4;19:16:09;5;2;4;3;2;2;1;3;6;19:14:01;2;4;4;3;4;2
245;de;51;F;Social Services ;Germany;4;2;2;2;3;1;7;2;1;18:03:39;1;1;1;1;1;1;1;1;6;18:05:43;3;4;3;3;4;4
62;de;53;M;Service Sector;Germany;2;6;2;6;2;2;7;5;2;21:54:52;2;1;2;2;1;2;1;1;6;21:56:46;2;5;4;4;3;3
415;de;57;F;technicians;Germany;5;5;5;5;5;5;7;3;3;17:23:23;2;1;3;3;3;3;3;2;6;17:20:34;5;5;3;5;2;3
240;de;47;F;technicians;Germany;2;3;6;2;2;3;7;2;3;16:14:48;3;1;1;3;1;1;1;1;6;16:12:34;1;5;5;2;3;2
258;de;22;F;Students;Germany;4;5;7;2;5;1;7;5;1;16:13:20;1;1;1;1;1;1;1;1;6;16:15:07;3;5;4;3;2;4
147;de;50;M;technicians;Germany;4;3;4;5;2;2;7;5;2;08:39:31;4;2;6;1;2;3;1;2;6;08:42:36;2;4;5;2;3;2
274;de;22;F;Students;Switzerland;4;6;6;2;4;2;7;7;2;14:51:35;2;1;2;1;1;1;1;1;6;14:52:37;5;5;3;5;2;4
428;de;27;M;Students;Germany;2;3;2;2;1;2;7;1;2;21:07:40;2;1;1;2;1;2;1;2;6;21:06:39;2;3;5;2;3;4
301;de;59;F;Service Sector;Switzerland;5;5;5;5;2;2;7;1;1;08:33:52;1;1;1;1;1;1;1;1;6;08:35:22;2;5;5;3;5;5
287;de;25;F;Service Sector;other;2;2;5;5;7;6;7;1;6;20:35:59;5;2;3;4;1;2;2;2;6;20:37:44;3;5;3;3;3;4
300;de;43;F;Service Sector;Germany;2;1;1;7;7;6;7;2;5;08:32:08;1;1;1;1;4;2;1;1;6;08:33:48;3;5;4;3;3;5
528;de;37;M;Students;Switzerland;3;4;5;4;3;5;7;6;5;18:12:51;3;2;2;4;2;1;2;4;6;18:14:26;5;5;5;5;5;5
98;de;28;F;Service Sector;Germany;2;5;6;3;6;3;7;5;2;23:33:01;1;1;2;1;2;1;2;2;6;23:31:41;4;5;5;4;5;5
332;de;22;F;Service Sector;Germany;1;2;4;5;4;5;7;1;4;17:55:15;2;2;5;1;3;2;4;2;6;17:53:43;3;4;5;4;3;5
396;de;34;F;Service Sector;Switzerland;2;3;2;5;6;5;7;4;6;13:10:19;5;3;5;3;3;3;2;3;6;13:11:27;2;5;4;4;4;4
520;de;51;F;Service Sector;Switzerland;7;6;6;5;6;3;7;7;2;23:41:40;1;1;2;1;1;1;1;1;6;23:40:24;2;5;5;5;5;5
146;de;25;F;Academic Profession;Germany;2;2;3;5;4;6;7;5;4;08:40:38;4;3;5;6;4;3;5;4;6;08:39:08;4;4;3;5;3;4
68;de;18;F;Students;other;6;6;7;7;7;7;7;7;7;18:50:50;1;2;1;3;3;1;7;2;6;18:50:01;2;5;5;3;3;5
197;de;53;F;Social Services ;Germany;4;4;6;1;4;6;7;1;2;19:50:19;3;1;1;2;2;1;1;1;6;19:52:07;1;5;5;5;5;1
110;de;30;M;Service Sector;Germany;3;4;5;4;3;5;7;7;4;02:58:54;2;1;2;2;2;1;1;2;6;03:00:23;5;5;4;5;5;4
351;de;38;F;Service Sector;Switzerland;5;3;6;3;3;3;7;2;2;08:30:43;1;1;1;1;1;1;1;1;6;08:32:45;3;5;4;4;4;5
421;de;43;F;Students;Switzerland;4;5;5;3;5;3;7;4;2;19:21:23;2;2;4;2;2;2;1;3;6;19:20:15;2;4;3;3;4;2
367;de;32;F;Academic Profession;Switzerland;2;2;2;2;2;2;7;2;2;09:41:16;2;1;2;1;1;1;1;1;6;09:42:23;2;5;5;2;2;4
145;de;22;F;Students;other;2;1;2;4;5;7;7;2;6;16:38:41;5;1;3;1;3;2;2;3;6;16:37:17;2;5;3;3;1;3
534;de;30;F;Social Services ;other;4;4;3;5;3;5;7;5;2;09:46:34;2;2;2;2;2;2;1;1;6;09:44:32;3;5;4;3;3;4
288;de;24;F;Students;Germany;3;4;5;2;2;5;7;3;2;20:42:47;1;1;4;1;2;1;1;1;6;20:44:27;2;3;3;3;5;4
126;de;52;F;Social Services ;Switzerland;7;7;7;7;1;3;7;7;5;07:07:33;1;1;5;1;1;1;1;1;6;07:12:11;3;5;3;5;5;3
85;de;29;F;Service Sector;Switzerland;3;4;4;4;3;1;7;4;1;22:53:35;2;2;2;2;2;3;2;2;6;22:51:44;4;4;4;3;3;4
243;de;50;F;Executives;Switzerland;5;7;7;4;2;4;7;7;4;17:00:35;3;3;2;2;2;2;2;3;6;17:01:42;3;3;3;3;3;5
203;de;43;M;-oth-;Germany;7;7;7;4;3;1;7;7;1;21:27:24;2;1;7;1;4;3;1;4;6;21:28:49;1;5;3;3;1;3
167;de;38;F;Students;Germany;3;4;4;5;4;5;7;6;5;12:40:27;2;1;4;3;3;2;4;2;6;12:42:21;5;4;3;5;3;3
157;de;26;F;Academic Profession;Germany;5;5;7;4;6;6;7;1;5;11:00:03;6;2;1;6;5;2;6;1;6;11:00:45;4;5;2;5;3;4
430;de;49;F;Executives;Switzerland;1;2;2;4;2;4;7;2;5;21:11:02;2;2;1;1;2;1;1;5;6;21:12:47;3;5;4;3;3;4
530;de;45;F;Social Services ;Switzerland;1;1;2;4;4;4;7;1;5;20:37:34;2;1;3;1;1;1;1;1;6;20:40:04;4;5;3;4;4;3
382;de;42;F;Social Services ;Switzerland;3;5;3;5;6;2;7;2;3;10:59:04;1;1;2;2;1;1;2;1;6;10:58:45;3;5;5;5;4;5
333;de;28;F;Social Services ;Germany;3;7;6;4;1;3;7;2;6;17:55:58;1;1;3;1;3;1;1;1;6;17:57:29;5;4;5;4;3;5
220;de;33;M;Technicians;Germany;6;6;7;2;6;2;7;6;2;07:24:15;1;1;2;2;4;2;2;1;6;07:25:14;3;5;5;5;5;5
496;de;37;F;Students;Switzerland;2;4;5;4;6;7;7;7;6;21:08:05;3;2;1;3;3;2;1;1;6;21:09:39;5;5;4;5;4;4
347;de;35;F;Students;Germany;5;5;6;6;5;6;7;4;6;22:27:25;5;3;5;3;5;6;3;2;6;22:28:42;3;4;3;3;5;3
67;de;18;;Students;other;2;4;4;5;2;3;7;2;1;21:01:16;7;6;4;6;6;6;7;2;6;21:00:23;5;5;2;5;5;2
344;de;19;F;Students;other;5;5;6;6;4;6;7;5;3;21:18:17; ; ; ; ; ; ; ; ; ; ; ; ; ; ; ; 
217;de;19;F;Students;other;5;4;5;6;3;5;7;6;2;06:20:38;5;2;2;2;2;2;2;1;6;06:21:30;3;4;2;3;3;3
302;de;23;F;Students;other;3;3;4;4;6;5;7;3;5;09:13:20;3;2;5;5;5;7;2;4;6;09:14:15;5;3;2;4;4;3
192;de;26;F;Social Services ;other;7;7;7;5;5;5;7;7;4;18:59:28;7;1;1;1;1;1;1;1;6;19:00:22;4;5;4;4;3;4
204;de;32;F;Temporary Staff;other;7;7;7;5;7;7;7;7;4;22:02:48;7;3;7;2;5;4;4;5;6;22:01:30;2;2;4;3;5;4
153;de;37;F;Students;other;5;6;7;5;2;5;7;7;5;10:37:38;2;1;2;3;2;2;2;2;6;10:38:28;4;4;3;4;4;2
263;de;45;F;Sales;other;2;1;1;2;1;2;7;6;1;22:26:15;6;1;6;1;2;1;1;1;6;22:27:55;5;5;5;5;5;5
236;de;34;M;Technicians;Switzerland;2;6;4;3;5;4;7;6;2;12:51:47;2;1;5;3;4;3;1;3;6;12:50:01;3;5;4;5;4;4
468;de;39;F;Service Sector;Switzerland;6;6;6;5;2;6;7;4;2;12:38:41;3;1;2;2;2;1;1;1;6;12:40:36;2;5;4;4;4;4
377;de;47;M;Service Sector;Switzerland;5;4;3;2;5;3;7;5;3;10:12:59;2;1;1;2;1;1;2;1;6;10:11:18;2;5;4;5;4;4
135;de;30;F;Service Sector;Germany;5;5;5;5;3;6;7;2;4;08:01:44;5;7;6;6;5;4;4;2;6;08:00:54;5;3;1;5;4;3
57;de;31;F;Social Services ;Germany;4;5;6;4;3;2;7;4;2;21:49:21;2;1;2;2;3;1;1;1;6;21:52:10;4;5;3;5;4;4
169;de;18;M;Technicians;Switzerland;1;3;4;2;3;1;7;4;3;12:46:10; ; ; ; ; ; ; ; ; ; ; ; ; ; ; ; 
171;de;18;F;Students;Switzerland; ; ; ; ; ; ; ; ; ; ;6;4;3;5;1;2;3;3;6;12:45:25; ; ; ; ; ; 
223;de;18;F;Technicians;Switzerland;2;5;5;4;4;6;7;3;2;09:33:56;3;2;2;2;4;3;3;3;6;09:31:45;3;4;3;2;4;3
265;de;19;F;Students;Switzerland;4;5;2;3;2;4;7;4;4;09:28:55;5;5;4;4;5;5;5;4;6;09:30:03;3;4;3;4;5;5
178;de;19;F;Students;Switzerland;1;3;5;4;6;4;7;6;1;14:45:02;1;6;1;2;3;5;5;2;6;14:46:41;1;3;2;2;2;2
252;de;19;M;Technicians;Switzerland;4;5;5;4;5;4;7;6;3;20:00:47;5;2;2;3;2;4;4;3;6;20:03:57;4;4;3;5;5;4
183;de;19;F;Service Sector;Switzerland; ; ; ; ; ; ; ; ; ; ;2;1;1;2;1;1;2;1;6;16:08:16; ; ; ; ; ; 
114;de;19;F;Service Sector;Switzerland;4;4;4;4;3;2;7;3;1;06:04:58;2;1;2;1;1;1;2;1;6;06:04:03;3;5;4;5;3;3
176;de;19;F;Service Sector;Switzerland;2;1;2;2;2;1;7;3;6;14:21:54;1;3;1;2;1;1;3;1;6;14:22:50;5;5;4;1;2;3
191;de;19;M;Service Sector;Switzerland;1;4;3;2;1;3;7;2;2;19:00:08;2;1;2;1;1;1;1;1;6;18:59:09;3;5;4;3;5;4
184;de;19;F;Technicians;Switzerland;4;4;6;5;5;4;7;6;3;16:18:07;3;1;3;5;2;2;1;3;6;16:16:36;1;4;3;5;3;3
244;de;20;M;Technicians;Switzerland;3;2;1;3;2;3;7;5;2;17:10:51;2;1;1;2;2;2;1;1;6;17:09:14;3;4;3;3;1;3
219;de;20;F;Technicians;Switzerland;3;4;4;5;5;4;7;5;5;06:45:20;2;1;4;1;3;1;1;4;6;06:46:16;4;4;4;3;3;5
152;de;21;F;Technicians;Switzerland;5;5;5;6;5;6;7;3;3;10:12:31;3;5;4;2;2;3;3;3;6;10:09:47;2;4;4;3;4;4
465;de;21;F;Students;Switzerland;2;3;4;5;4;4;7;2;1;09:02:24;3;1;3;2;3;2;2;2;6;09:00:51;4;5;4;4;4;3
281;de;21;F;Students;Switzerland;6;6;7;7;6;7;7;5;5;17:50:27;4;1;2;3;2;2;3;1;6;17:51:10;5;4;4;5;5;5
539;de;21;M;Students;Switzerland;4;7;7;6;2;2;7;5;2;16:33:24;1;1;1;1;1;1;1;1;6;16:34:34;4;4;5;5;4;5
423;de;21;F;Students;Switzerland;4;7;7;6;5;6;7;7;5;20:21:50;6;3;5;3;2;2;4;2;6;20:24:49;4;5;5;4;3;5
256;de;22;F;Students;Switzerland;5;5;6;5;4;1;7;6;1;21:10:05;2;1;1;1;1;2;1;1;6;21:11:56;2;5;3;5;3;4
306;de;22;M;Students;Switzerland;7;7;5;6;5;1;7;7;1;11:22:23;2;1;3;2;3;2;1;1;6;11:20:53;4;5;4;4;5;4
107;de;22;F;Students;Switzerland;5;6;6;4;7;3;7;7;4;00:33:16;2;2;2;2;2;2;2;1;6;00:34:18;3;5;4;4;5;2
87;de;22;F;Students;Switzerland;5;5;5;2;6;3;7;2;3;22:52:39;3;1;2;2;2;2;1;1;6;22:53:56;3;3;4;3;4;5
272;de;22;M;Students;Switzerland;2;2;4;4;5;3;7;4;3;14:20:34;3;2;1;3;2;2;3;1;6;14:19:16;5;4;4;5;4;4
221;de;22;F;Temporary Staff;Switzerland;1;5;3;5;1;6;7;6;4;07:35:34;1;2;5;1;2;1;1;2;6;07:37:04;4;5;4;4;4;4
253;de;22;F;Students;Switzerland;6;5;6;4;6;6;7;3;2;20:25:39;1;1;1;1;1;1;1;1;6;20:27:03;2;5;5;4;3;5
483;de;23;F;Service Sector;Switzerland;1;3;1;3;4;2;7;3;1;20:08:27;1;1;1;6;1;1;1;1;6;20:09:27;1;5;5;3;2;5
250;de;23;M;Technicians;Switzerland;4;7;7;7;5;4;7;5;4;19:25:32;3;2;2;2;2;2;1;2;6;19:24:27;5;5;5;5;4;5
140;de;23;F;Students;Switzerland;3;7;5;6;7;6;7;3;4;08:24:52;1;3;3;1;2;1;3;3;6;08:26:32;3;3;5;4;3;5
73;de;23;F;Service Sector;Switzerland;3;5;5;7;7;6;7;3;4;22:37:53;4;1;5;2;2;2;4;1;6;22:39:01;2;4;3;3;5;4
186;de;23;F;Service Sector;Switzerland;3;6;7;6;6;6;7;6;5;16:23:52;1;1;4;2;1;2;1;1;6;16:25:17;4;5;5;4;5;1
101;de;23;M;Temporary Staff;Switzerland;2;5;5;6;7;3;7;3;5;23:44:44;5;1;3;5;2;5;2;3;6;23:45:58;2;5;4;5;5;3
156;de;23;F;Academic Profession;Switzerland;5;5;6;5;3;5;7;6;1;10:56:53;2;1;2;2;2;2;2;1;6;10:58:05;4;5;5;5;4;5
453;de;23;F;Students;Switzerland;5;6;6;5;6;5;7;5;3;15:17:22;4;1;3;3;4;2;1;1;6;15:16:31;4;5;3;4;3;2
64;de;23;M;Technicians;Switzerland;2;5;4;2;2;4;7;4;2;21:56:34;3;1;2;2;2;2;4;3;6;21:57:41;3;5;4;4;5;2
188;de;24;M;Service Sector;Switzerland;1;2;3;2;5;1;7;3;2;17:13:39;1;2;2;2;2;2;2;3;6;17:14:43;4;4;4;3;3;4
59;de;24;F;Students;Switzerland;6;7;7;6;4;3;7;6;3;14:10:15;3;1;1;1;1;1;1;2;6;14:10:27;5;5;5;3;3;5
432;de;25;F;Students;Switzerland;2;2;3;1;1;1;7;3;1;22:34:51;2;1;1;3;1;1;2;1;6;22:33:37;1;3;3;2;2;4
522;de;25;F;Students;Switzerland;6;7;6;5;6;5;7;6;4;15:34:53;4;2;2;4;2;3;2;2;6;15:32:34;4;5;4;5;5;4
491;de;25;F;Students;Switzerland;6;7;6;4;2;4;7;6;5;14:35:17;1;1;2;1;1;1;1;1;6;14:37:16;2;4;4;4;4;3
501;de;25;F;Students;Switzerland;7;7;7;4;4;2;7;1;1;10:43:30;1;1;1;1;1;1;1;1;6;10:42:22;5;5;4;5;5;4
86;de;25;F;Service Sector;Switzerland;5;5;7;5;1;1;7;1;1;22:51:43;3;1;1;5;1;5;1;1;6;22:56:04;5;3;4;1;3;3
395;de;26;F;Social Services ;Switzerland;1;3;2;3;5;3;7;2;4;13:05:31;1;3;3;2;2;2;1;2;6;13:03:34;3;4;2;4;3;3
537;de;26;F;Students;Switzerland;7;2;7;7;5;7;7;7;5;16:29:45;3;7;7;7;6;6;7;7;6;16:28:37;1;5;3;2;3;3
493;de;26;F;Students;Switzerland;5;5;5;5;1;3;7;4;3;16:36:22;3;3;1;1;3;1;2;1;6;16:37:31;2;3;3;4;4;4
91;de;26;F;Students;Switzerland;1;2;1;3;5;2;7;1;2;23:00:17;3;2;3;2;5;1;1;2;6;23:01:52;5;5;3;3;5;4
387;de;27;M;Students;Switzerland;5;5;6;5;6;3;7;5;2;11:32:22;1;1;2;1;2;1;1;1;6;11:33:21;1;5;3;4;3;3
89;de;27;F;Academic Profession;Switzerland;2;3;3;3;3;4;7;5;3;22:54:45;2;1;4;3;2;1;1;1;6;22:55:36;2;4;3;3;3;4
246;de;27;F;Students;Switzerland;3;4;3;3;3;2;7;4;2;18:32:21;2;1;3;2;2;2;2;2;6;18:34:44;2;5;5;3;3;3
361;de;27;F;Students;Switzerland;4;6;4;3;2;4;7;7;6;09:33:14;2;5;2;4;6;5;1;4;6;09:34:18;2;4;4;5;3;4
375;de;27;F;Academic Profession;Switzerland;5;4;6;5;6;6;7;6;6;10:10:42;2;1;5;2;3;4;2;2;6;10:09:36;4;4;4;4;4;2
400;de;27;F;;Switzerland;6;5;7;5;5;4;7;4;2;13:49:39;1;1;1;2;6;1;1;1;6;13:50:30;2;5;2;4;3;3
463;de;28;F;Service Sector;Switzerland;6;4;6;4;5;5;7;2;1;20:40:22;7;1;2;2;2;1;2;1;6;20:39:36;2;4;3;2;4;4
401;de;28;F;Service Sector;Switzerland;7;7;7;2;3;7;7;7;4;14:02:08;1;1;4;4;4;6;2;2;6;14:00:16;5;5;4;5;5;3
531;de;28;F;Service Sector;Switzerland;4;4;5;5;5;5;7;6;1;15:30:46;1;1;4;2;2;1;2;1;6;15:30:58;3;4;4;4;4;4
408;de;28;F;Academic Profession;Switzerland;3;4;5;6;5;6;7;4;6;14:47:16;1;3;2;2;3;3;1;2;6;14:44:47;4;4;3;4;4;3
526;de;28;F;Academic Profession;Switzerland;6;4;6;5;6;6;7;5;3;12:22:53;2;2;3;1;1;2;1;1;6;12:24:18;1;5;2;3;4;2
456;de;29;F;Service Sector;Switzerland;3;4;4;5;3;5;7;5;4;16:41:06;3;2;3;1;2;2;2;2;6;16:39:41;4;5;4;5;4;5
492;de;29;F;Service Sector;Switzerland;1;2;6;5;5;5;7;4;3;14:47:03;4;2;2;1;2;1;1;1;6;14:42:22;2;5;4;1;2;4
460;de;29;F;Academic Profession;Switzerland;3;4;3;7;3;5;7;5;6;19:10:01;3;3;2;5;3;6;3;4;6;19:11:05;4;5;4;5;5;4
470;de;29;F;-oth-;Switzerland;3;6;7;6;5;7;7;2;2;15:06:39;3;1;3;2;2;2;1;2;6;15:05:11;3;4;5;5;3;5
542;de;29;M;Social Services ;Switzerland;3;6;7;2;3;2;7;6;2;16:17:21;1;1;2;2;2;1;2;2;6;16:18:48;1;5;5;3;2;5
524;de;29;F;Academic Profession;Switzerland;5;3;5;1;3;1;7;5;1;09:46:25;1;1;1;2;1;1;1;2;6;09:47:30;5;4;3;5;3;3
431;de;30;F;Service Sector;Switzerland;4;6;5;4;3;5;7;6;3;21:58:12;2;1;5;2;1;1;1;1;6;21:59:40;3;5;3;4;4;5
269;de;30;F;Service Sector;Switzerland;5;3;5;5;5;5;7;4;4;12:26:08;3;4;4;4;4;3;1;3;6;12:27:32;2;3;3;3;3;3
413;de;31;F;Students;Switzerland;6;6;7;5;6;1;7;7;2;17:02:39;4;2;2;2;1;1;2;1;6;17:04:07;4;5;4;5;1;4
527;de;31;F;Academic Profession;Switzerland;5;5;4;5;6;2;7;5;6;12:14:36;2;3;2;2;2;1;3;1;6;12:16:12;3;4;4;4;5;2
512;de;31;F;Students;Switzerland;7;6;6;1;3;1;7;6;1;15:51:26;1;1;1;1;1;1;1;1;6;15:50:30;3;5;3;5;5;5
405;de;32;F;Academic Profession;Switzerland;5;4;6;2;4;3;7;5;3;14:34:04;2;4;2;2;2;3;3;1;6;14:35:27;2;5;4;3;3;4
461;de;32;F;Students;Switzerland;1;1;4;1;1;1;7;1;2;19:32:29;1;1;2;2;1;2;1;3;6;19:31:27;4;5;2;4;5;3
434;de;32;F;Students;Switzerland;5;7;7;7;7;7;7;7;7;23:12:26;3;1;2;2;3;1;1;1;6;23:11:11;2;5;2;5;3;3
494;de;32;F;Students;Switzerland;5;6;5;6;4;3;7;3;2;18:39:02;2;1;3;2;3;2;2;1;6;18:38:14;4;5;4;5;5;4
374;de;33;F;Students;Switzerland;1;2;5;3;5;5;7;5;3;10:11:35;2;1;2;1;1;1;1;1;6;10:07:08;4;5;3;4;5;4
149;de;33;F;Social Services ;Switzerland;5;6;7;4;4;3;7;4;4;09:08:00;2;2;2;1;1;2;1;1;6;09:07:25;3;5;4;3;4;5
495;de;33;F;Academic Profession;Switzerland;1;1;3;4;7;5;7;1;3;19:23:19;1;1;1;2;5;1;1;1;6;19:24:56;3;4;3;5;2;4
452;de;33;F;Technicians;Switzerland;6;6;6;3;6;5;7;3;6;14:18:28;6;6;1;2;2;5;1;1;6;14:21:01;3;2;1;2;5;5
488;de;33;F;Students;Switzerland;5;5;7;5;3;1;7;7;2;22:50:58;5;1;1;1;2;7;3;2;6;22:50:06;3;5;4;4;5;4
79;de;33;F;Service Sector;Switzerland;4;5;5;4;5;3;7;3;4;22:50:20;2;1;4;3;3;1;2;3;6;22:47:34;2;3;5;3;4;5
174;de;33;F;Social Services ;Switzerland;3;5;4;5;6;5;7;6;2;14:15:28;2;2;2;2;2;2;3;3;6;14:12:27;2;3;4;4;3;3
399;de;33;M;Service Sector;Switzerland;1;1;2;3;5;3;7;1;2;13:47:17;1;1;2;1;1;1;1;1;6;13:46:54;5;5;4;5;5;4
77;de;35;F;Sales;Switzerland;2;5;4;3;6;4;7;3;2;22:51:42;1;1;4;1;2;1;2;1;6;22:49:37;3;5;5;4;3;5
486;de;35;M;Executives;Switzerland;2;3;4;4;4;1;7;2;1;22:08:28;1;1;1;2;1;1;1;1;6;22:10:02;3;4;4;4;3;4
541;de;35;F;Students;Switzerland;2;3;2;5;4;3;7;3;2;09:18:17;2;2;2;2;2;2;1;1;6;09:17:41;4;5;5;5;2;5
177;de;35;F;Service Sector;Switzerland;2;3;7;1;6;5;7;2;7;14:35:23;2;1;6;2;2;1;2;1;6;14:40:28;4;2;4;5;3;4
262;de;35;F;Service Sector;Switzerland;6;7;7;6;6;6;7;3;3;20:40:31;2;1;3;2;2;1;1;2;6;20:40:09;1;5;4;4;4;4
163;de;35;F;Service Sector;Switzerland;1;1;2;1;1;1;7;1;1;11:48:24;3;1;5;2;4;3;2;2;6;11:46:26;4;5;4;4;3;3
297;de;35;F;Sales;Switzerland;2;6;5;6;5;4;7;5;5;23:29:16;1;1;1;1;1;1;1;1;6;23:27:27;3;5;5;5;5;5
160;de;36;M;Technicians;Switzerland;1;3;2;5;6;2;7;2;5;11:29:16;2;1;2;1;2;3;1;1;6;11:30:57;5;3;4;2;3;2
503;de;36;M;Academic Profession;Switzerland;1;4;1;1;4;3;7;3;5;13:04:46;4;3;4;2;3;3;2;2;6;13:04:03;4;4;3;4;2;3
439;de;37;F;Academic Profession;Switzerland;7;7;7;5;5;4;7;7;1;08:34:36;2;1;4;1;2;1;1;2;6;08:36:08;5;5;4;5;5;4
422;de;38;F;Students;Switzerland;6;6;6;3;3;3;7;6;2;19:47:34;2;1;1;1;2;1;1;1;6;19:45:58;2;4;4;3;4;4
477;de;38;F;Academic Profession;Switzerland;6;7;7;5;3;3;7;5;2;09:37:32;1;1;4;1;1;1;1;1;6;09:39:15;3;4;3;5;4;3
448;de;39;M;Students;Switzerland;2;3;2;1;2;1;7;7;1;11:55:07;1;1;1;1;1;1;1;1;6;11:54:43;5;5;5;5;5;5
464;de;39;M;Academic Profession;Switzerland;5;6;6;7;5;2;7;6;2;21:48:03;2;1;6;1;3;1;1;1;6;21:44:05;5;5;4;5;4;5
359;de;40;F;Academic Profession;Switzerland;4;4;6;5;6;4;7;4;4;09:29:09;1;1;1;1;1;1;1;1;6;09:28:02;3;5;4;5;3;5
404;de;40;F;Service Sector;Switzerland;7;5;7;5;2;4;7;7;1;14:25:05;7;3;5;5;5;5;1;5;6;14:24:27;3;4;2;3;5;1
228;de;40;M;Service Sector;Switzerland;4;7;5;5;5;4;7;4;3;11:02:37;1;1;3;3;2;1;1;4;6;11:04:34; ; ; ; ; ; 
489;de;41;M;Students;Switzerland;5;5;5;4;2;3;7;7;2;23:23:38;2;1;2;2;2;2;2;1;6;23:22:05;3;5;4;5;4;4
462;de;41;F;Students;Switzerland;2;5;5;2;4;4;7;5;2;20:21:57;4;2;5;4;4;4;3;3;6;20:24:03;2;3;3;3;4;4
411;de;41;M;Service Sector;Switzerland;4;5;7;6;6;5;7;7;5;15:16:17;2;1;1;2;2;3;1;1;6;15:17:30;5;5;5;5;5;5
516;de;42;F;Students;Switzerland;5;5;5;5;5;5;7;5;4;11:05:50;1;1;1;1;1;1;1;1;6;11:10:23;5;5;5;5;5;5
144;de;42;F;Students;Switzerland;3;4;4;5;1;2;7;5;2;08:36:58;1;1;1;1;2;1;1;1;6;08:38:29;5;5;4;5;5;5
366;de;42;M;-oth-;Switzerland;5;3;4;3;6;7;7;2;3;09:40:25;5;2;2;1;2;1;1;1;6;09:42:12;5;5;4;5;5;4
445;de;43;F;Academic Profession;Switzerland;2;2;4;6;3;6;7;1;3;10:25:17;1;1;3;1;2;1;1;1;6;10:24:55;1;5;5;5;1;4
259;de;43;F;Service Sector;Switzerland;3;4;4;3;3;5;7;3;2;17:28:14;1;1;2;1;2;3;1;1;6;17:26:43;3;5;3;4;3;5
532;de;43;F;Academic Profession;Switzerland;2;6;4;7;1;1;7;7;1;16:57:38;1;1;2;1;1;1;1;1;6;16:58:50;5;5;5;5;5;5
529;de;44;F;Executives;Switzerland;6;7;5;5;1;3;7;6;1;14:04:01;2;1;1;2;1;1;1;1;6;14:02:37;4;3;3;4;5;3
436;de;44;M;Students;Switzerland;7;1;1;1;1;1;7;7;1;00:01:03;1;1;1;1;1;1;1;1;6;00:00:06;5;5;5;5;5;5
187;de;44;F;Service Sector;Switzerland;2;3;2;3;2;2;7;2;2;16:53:02;3;2;3;2;2;2;1;1;6;16:52:01;1;4;4;3;3;4
388;de;44;F;Academic Profession;Switzerland;5;6;4;2;4;4;7;3;3;12:25:01;4;1;6;4;4;1;1;4;6;12:26:46;3;5;5;5;5;3
500;de;45;F;Academic Profession;Switzerland;6;5;6;4;3;1;7;5;1;19:16:48;2;1;1;1;1;1;1;1;6;19:16:13;5;5;4;5;5;5
509;de;45;F;Academic Profession;Switzerland;2;3;3;4;6;2;7;6;2;21:05:56;3;1;5;2;2;2;1;1;6;21:07:48;3;5;4;4;3;4
392;de;45;M;Academic Profession;Switzerland;5;3;7;3;7;6;7;7;6;13:47:11;1;1;2;2;1;2;1;5;6;13:49:05;4;5;4;5;5;4
390;de;45;M;Students;Switzerland;6;4;7;6;6;2;7;6;2;12:34:51;2;4;4;1;2;2;4;2;6;12:37:45;2;2;2;2;2;2
498;de;46;F;Students;Switzerland;1;4;4;4;1;2;7;3;1;11:46:00;1;1;3;2;1;1;1;1;6;11:45:08;2;5;4;3;3;5
442;de;47;M;Executives;Switzerland;2;5;2;4;4;4;7;5;3;09:29:04;1;2;3;5;1;2;1;2;6;09:31:10;4;4;4;1;5;3
299;de;48;F;Service Sector;Switzerland;2;2;2;5;3;5;7;4;4;05:50:42;3;4;2;4;2;2;2;1;6;05:53:36;2;3;4;3;3;4
209;de;48;M;Service Sector;Switzerland;2;1;2;2;2;1;7;1;1;22:52:31;4;1;4;1;3;4;1;1;6;22:54:10;1;5;5;2;4;3
335;de;48;F;Academic Profession;Switzerland;3;4;4;3;3;4;7;3;3;19:05:29;3;1;2;2;1;4;1;1;6;19:03:32;4;4;4;4;4;5
447;de;49;F;Academic Profession;Switzerland;1;7;6;7;7;6;7;5;6;11:46:00;5;2;2;6;1;3;5;1;6;11:48:42;5;5;4;5;5;4
196;de;49;F;Technicians;Switzerland;4;4;3;2;2;2;7;2;1;19:47:08;2;1;2;1;2;1;1;1;6;19:45:27;2;4;4;4;4;4
363;de;49;M;Students;Switzerland;4;3;5;6;2;6;7;2;1;09:34:03;2;1;4;2;3;1;1;1;6;09:36:16;4;5;4;5;4;4
61;de;49;F;Service Sector;Switzerland;2;4;3;4;5;2;7;5;3;21:55:28;1;1;6;2;2;2;2;1;6;21:53:34;1;5;4;2;2;3
358;de;49;M;Service Sector;Switzerland;6;7;6;5;4;2;7;7;2;09:27:19;2;1;2;2;5;2;2;1;6;09:25:29;5;5;4;5;3;5
420;de;50;F;Academic Profession;Switzerland;7;4;5;1;1;1;7;4;1;18:29:21;1;1;2;1;1;1;1;1;6;18:28:30;5;5;5;5;5;4
473;de;51;F;Students;Switzerland;3;5;1;2;4;1;7;4;2;21:22:25;3;2;2;2;1;1;1;2;6;21:24:01;3;4;2;4;3;3
433;de;51;F;Executives;Switzerland;3;1;3;3;1;3;7;1;5;22:51:20;1;1;1;1;1;1;1;1;6;22:53:16;5;5;5;5;5;5
510;de;51;F;Students;Switzerland;3;5;5;5;6;5;7;2;4;13:54:57;2;1;2;1;1;1;1;1;6;13:52:40;5;4;4;5;5;5
459;de;51;F;Academic Profession;Switzerland;3;3;3;3;1;1;7;1;1;18:53:16;1;1;1;1;1;1;1;1;6;18:51:29;5;5;5;5;5;1
478;de;53;F;Students;Switzerland;2;3;6;5;6;2;7;5;2;14:40:11;1;1;1;1;1;1;1;1;6;14:39:52;5;5;3;4;3;5
190;de;53;F;Service Sector;Switzerland;1;2;2;1;2;1;7;2;1;17:52:37;1;1;3;2;3;2;2;1;6;17:49:59;4;5;4;4;4;5
515;de;53;F;Academic Profession;Switzerland;1;1;1;1;1;1;7;1;1;10:49:27;1;1;3;1;2;1;1;1;6;10:47:50;2;4;4;5;5;5
179;de;53;F;Social Services ;Switzerland;2;2;3;2;2;2;7;3;1;15:09:41;2;2;2;2;2;2;2;2;6;15:11:34;3;2;4;3;3;2
307;de;54;M;Service Sector;Switzerland;2;1;2;3;2;1;7;2;1;11:24:24;2;1;3;2;1;1;2;1;6;11:24:00;3;5;4;4;5;4
355;de;54;F;Academic Profession;Switzerland;4;4;4;3;2;3;7;5;2;09:21:16;1;1;1;2;1;1;1;2;6;09:23:56;4;5;4;4;4;5
254;de;55;F;Academic Profession;Switzerland;1;3;3;4;5;4;7;4;3;20:30:49;2;1;1;1;1;1;1;1;6;20:34:32;5;5;4;5;3;5
454;de;55;F;Academic Profession;Switzerland;1;3;2;3;1;2;7;6;2;16:00:37;2;1;2;1;2;2;1;1;6;16:01:59;4;5;4;4;4;5
543;de;57;M;Academic Profession;Switzerland;6;6;6;7;7;7;7;6;4;20:06:50;3;2;3;2;3;1;2;1;6;20:08:47;5;5;5;4;5;5
194;de;59;F;Service Sector;Switzerland;3;6;5;4;3;3;7;2;3;19:31:04;1;1;3;5;3;2;1;2;6;19:32:44;3;4;3;5;5;4
239;de;28;M;Academic Profession;Switzerland;3;3;4;3;3;2;7;4;2;16:11:29;1;1;3;3;3;3;2;3;6;16:10:25;3;4;4;3;4;3
370;de;34;M;Students;Switzerland;1;4;4;3;3;3;7;5;2;09:58:12;1;1;1;1;1;1;1;1;6;09:59:08;1;5;4;2;5;4
402;de;38;F;Academic Profession;other;2;2;2;2;3;2;7;3;2;14:12:35;2;3;3;2;2;3;2;2;6;14:13:50;4;4;3;4;4;4
69;de;30;F;Social Services ;Switzerland;3;4;6;3;2;2;7;2;2;22:25:51;1;1;1;1;1;1;1;1;6;22:25:30;1;5;3;5;3;5
120;de;24;F;Students;Switzerland;2;1;2;4;1;2;7;3;2;06:46:22;3;2;2;1;1;2;1;1;6;06:44:30;4;4;5;3;4;5
148;de;32;M;Technicians;Switzerland;5;6;5;5;6;5;7;5;3;09:32:34;3;3;2;3;2;2;4;4;6;08:57:56;1;3;4;4;2;4
226;de;38;F;Service Sector;Switzerland;5;5;5;3;7;3;7;2;1;10:57:30;3;1;2;1;3;2;1;1;6;10:58:48;3;4;5;4;4;5
282;de;50;F;Service Sector;Switzerland;4;6;6;2;1;2;7;6;2;18:00:41;1;1;4;1;1;2;1;1;6;18:01:38;2;3;4;2;2;5
505;de;56;F;Academic Profession;Switzerland;1;2;2;5;5;3;7;4;4;17:25:59;2;2;3;2;1;2;1;2;6;17:22:58;5;4;3;4;3;3
229;de;75;M;-oth-;Switzerland;3;5;5;5;2;3;7;5;2;11:15:29;2;2;1;2;2;1;2;2;6;11:13:13;4;5;3;3;4;4
141;de;49;M;Technicians;Switzerland;3;4;6;7;6;6;7;3;6;08:43:47;5;2;2;3;2;1;1;1;6;08:42:12;5;5;4;5;5;4
63;de;21;M;Technicians;Switzerland;1;7;4;5;4;3;7;7;2;21:56:02;2;1;1;1;1;1;1;1;6;21:58:07;3;5;4;4;2;5
458;de;40;F;Students;Switzerland;3;3;5;3;4;4;7;4;4;18:51:47;3;1;3;5;2;3;2;1;6;18:49:59;2;4;3;3;4;3
311;de;26;F;Students;Germany;4;4;4;7;5;5;7;7;5;13:40:54;5;1;2;3;2;1;4;3;6;13:46:39;5;5;4;5;5;5
320;de;25;F;Students;other;1;2;3;7;7;7;7;4;2;16:42:20;2;2;1;1;1;1;2;1;6;16:41:01;1;2;4;3;4;4
280;de;61;F;Social Services ;other;1;3;4;4;6;4;7;1;4;09:45:49;1;1;1;1;1;1;1;1;6;09:50:03;3;4;2;5;2;5
353;de;45;F;Students;Switzerland;2;2;2;6;2;6;7;1;2;09:19:16;3;1;3;1;6;2;1;1;6;09:20:40;1;5;2;3;2;3
536;de;35;M;Service Sector;Switzerland;2;2;2;3;2;2;7;2;2;09:07:54;1;1;1;1;1;1;1;1;6;09:06:32;2;3;3;3;4;3
115;de;24;F;Service Sector;other;3;5;7;3;3;3;7;3;6;06:19:03;5;1;4;6;4;1;6;1;6;06:18:03;1;2;3;4;3;2
285;de;49;F;Service Sector;Switzerland;5;6;4;2;7;4;7;7;1;19:36:48;2;1;5;2;5;4;1;5;6;19:38:54;1;5;5;1;1;5
343;de;51;F;Academic Profession;Switzerland;4;4;4;5;5;5;7;5;3;21:13:26;2;2;3;2;2;2;1;1;6;21:16:09;3;5;4;4;4;4
71;de;45;F;Social Services ;Switzerland;2;3;3;2;4;3;7;1;1;22:26:50;1;2;1;2;1;2;1;2;6;22:28:26;2;4;4;3;4;4
513;de;29;F;Service Sector;Switzerland;4;5;6;4;5;5;7;5;3;23:02:36;5;2;4;5;3;2;5;3;6;23:04:34;4;5;4;5;3;4
208;de;35;M;Executives;other;5;5;7;2;7;3;7;5;3;22:47:28;1;2;1;2;1;2;1;1;6;22:51:40;2;5;4;5;5;5
207;de;24;M;Technicians;Switzerland;1;2;2;6;1;2;7;1;1;22:36:49;1;1;1;1;1;1;1;1;6;22:35:29;1;4;3;1;4;3
337;de;59;F;Social Services ;Switzerland;1;2;1;2;3;1;7;3;3;19:36:53;2;1;1;1;1;1;1;1;6;19:38:51;5;4;3;1;5;5
356;de;33;M;Social Services ;Switzerland;5;6;6;5;4;3;7;6;3;09:20:58;2;1;2;2;2;2;2;2;6;09:21:53;4;4;4;3;4;4
472;de;40;M;Students;Switzerland;5;5;6;5;4;3;7;4;5;19:47:34;4;1;2;4;2;3;5;1;6;19:50:39;5;5;5;5;5;5
273;de;22;F;Students;Switzerland;2;3;4;6;4;2;7;2;3;14:33:01;3;2;2;2;2;2;2;2;6;14:31:33;3;3;3;5;3;4
497;de;28;M;Social Services ;Switzerland;1;2;4;2;2;4;7;2;1;23:06:50;3;1;2;2;2;2;1;1;6;23:08:14;1;4;3;2;4;2
440;de;43;F;Students;Switzerland;6;5;6;4;7;1;7;5;3;08:48:44;1;1;2;1;1;1;2;1;6;08:47:30;5;5;3;5;5;4
438;de;54;F;Executives;Switzerland;5;6;6;5;2;6;7;5;2;08:27:02;3;1;5;2;3;2;1;1;6;08:25:33;3;5;3;3;5;4
487;de;31;M;Service Sector;Switzerland;1;2;4;1;1;1;7;2;4;22:17:57;1;1;2;1;1;1;1;1;6;22:16:39;5;5;2;5;3;4
368;de;37;F;Students;Switzerland;7;6;7;3;3;5;7;6;5;09:47:15;2;2;1;2;3;4;1;1;6;09:48:26;2;5;4;4;4;4
511;de;40;F;Service Sector;Switzerland;2;4;6;6;6;4;7;4;2;14:21:10;1;1;4;2;3;1;2;1;6;14:19:29;2;4;3;2;3;4
429;de;43;M;Academic Profession;Switzerland;6;6;6;6;6;4;7;3;3;21:10:20;3;2;2;2;2;2;2;2;6;21:09:21;5;5;5;5;5;5
480;de;50;M;Executives;Switzerland;2;4;4;2;5;2;7;4;2;14:57:11;2;1;1;3;2;2;2;3;6;14:58:20;4;4;5;4;4;5
481;de;50;M;Executives;Switzerland;5;5;4;3;5;3;7;5;4;16:12:46;2;2;2;2;2;2;2;2;6;16:12:10;4;5;5;3;2;1
444;de;26;F;Students;Switzerland;6;3;6;5;2;6;7;6;5;10:21:32;1;3;4;6;5;6;2;5;6;10:22:56;3;4;4;4;4;4
419;de;31;F;Service Sector;Switzerland;1;1;2;4;3;4;7;2;3;17:58:13;1;1;2;2;3;1;1;1;6;17:59:34;2;5;3;2;3;3
450;de;45;F;Academic Profession;Switzerland;5;5;6;5;5;3;7;5;5;13:56:35;2;1;2;1;2;1;1;1;6;13:54:16;2;5;5;4;4;5
96;de;22;F;Students;Switzerland;5;4;5;4;5;3;7;4;2;23:26:58;3;1;3;2;2;2;2;2;6;23:28:50;4;4;5;5;3;5
455;en;25;M;-oth-;;5;5;5;5;5;3;7;4;2;22:14:36;5;5;4;5;3;3;2;5;6;22:13:57;;;;;;
24;en;21;M;-oth-;US;4;7;6;1;5;3;7;7;1;02:48:34;1;1;5;1;1;1;1;1;6;02:49:24;;;;;;
454;en;28;M;Executives;US;5;6;5;5;5;4;7;6;5;01:44:08;3;2;4;4;3;5;3;4;6;01:45:48;;;;;;
547;en;30;M;-oth-;US;1;5;5;6;4;6;7;1;7;16:45:29;3;1;5;2;7;4;6;1;6;16:44:26;;;;;;
79;en;32;F;-oth-;US;6;7;7;5;4;1;7;7;1;09:28:24;1;2;3;1;5;2;3;3;6;09:28:44;;;;;;
335;en;36;F;Students;US;6;4;6;7;5;4;7;5;2;21:33:53;4;6;6;6;7;4;6;6;6;21:34:25;;;;;;
256;en;28;M;Sales;India;2;3;5;4;5;2;7;3;5;22:47:01;2;6;2;3;3;3;2;5;6;22:46:20;;;;;;
246;en;33;F;Technicians;;4;3;6;5;5;4;7;5;5;22:27:36;1;5;5;5;3;6;1;1;6;22:28:19;;;;;;
108;en;18;M;Students;;4;5;5;6;4;5;7;5;2;13:28:24;5;2;5;4;6;6;3;6;6;13:29:03;;;;;;
127;en;20;M;Technicians;;5;7;5;6;7;6;7;5;4;13:30:05;4;2;3;2;2;3;3;5;6;13:28:58;;;;;;
559;en;37;M;Technicians;;4;6;5;6;5;5;7;4;5;17:49:24;3;6;4;4;5;5;4;4;6;17:49:05;;;;;;
447;en;22;F;Students;;3;4;5;4;4;4;7;5;2;13:14:10;3;2;6;2;3;3;3;1;6;13:13:47;;;;;;
125;en;33;M;Temporary Staff;;6;7;6;6;5;7;7;7;4;17:28:49;6;1;6;7;5;6;5;3;6;17:29:35;;;;;;
368;en;42;M;Executives;;5;6;5;5;4;3;7;6;2;22:10:57;2;2;2;3;2;2;2;3;6;22:11:46;;;;;;
600;en;18;M;Technicians;India;6;6;5;6;5;6;7;6;4;03:10:45;6;6;6;6;4;5;5;4;6;03:11:49;;;;;;
180;en;22;F;Academic Profession;India;2;1;3;4;2;1;7;2;4;22:02:27;3;1;2;4;3;1;2;4;6;22:01:47;;;;;;
461;en;23;M;Technicians;India;7;6;6;6;5;7;7;6;7;01:45:50;5;6;7;6;5;7;6;6;6;01:46:12;;;;;;
436;en;23;M;Students;India;7;6;5;6;7;6;7;7;6;01:44:14;6;7;7;7;7;6;7;6;6;01:43:55;;;;;;
494;en;23;M;Technicians;India;6;5;7;6;6;6;7;6;5;01:49:43;7;6;7;6;5;6;6;5;6;01:50:41;;;;;;
411;en;23;M;Technicians;India;7;7;6;7;6;6;7;6;7;01:41:44;7;7;5;6;6;6;6;5;6;01:42:08;;;;;;
169;en;24;F;Sales;India;6;7;6;7;6;7;7;7;6;22:01:14;6;6;7;6;7;7;7;7;6;22:00:59;;;;;;
261;en;24;M;Service Sector;India;7;6;6;5;5;6;7;6;5;22:50:46;6;5;6;5;5;6;6;5;6;22:50:16;;;;;;
452;en;24;M;Technicians;India;6;5;6;6;6;6;7;7;6;01:44:12;6;7;6;6;6;7;6;7;6;01:44:43;;;;;;
248;en;24;F;Sales;India;6;6;7;6;7;7;7;7;6;22:29:20;6;7;7;7;6;6;7;6;6;22:29:43;;;;;;
566;en;24;M;Technicians;India;6;7;6;7;6;6;7;6;6;13:54:04;6;6;5;6;6;7;7;6;6;13:54:22;;;;;;
257;en;24;M;Service Sector;India;5;6;6;5;5;6;7;5;6;22:47:12;6;6;7;6;5;6;6;5;6;22:47:43;;;;;;
286;en;24;F;Service Sector;India;5;6;5;6;6;5;7;5;6;23:15:58;5;5;6;5;5;5;6;6;6;23:15:39;;;;;;
334;en;24;M;Service Sector;India;6;6;6;7;6;7;7;7;6;01:02:39;6;6;6;6;7;5;6;6;6;01:02:51;;;;;;
401;en;24;M;Sales;India;7;7;7;7;4;7;7;5;7;01:42:19;5;6;6;6;1;7;6;7;6;01:41:30;;;;;;
349;en;24;M;Executives;India;6;6;6;6;6;6;7;6;6;02:06:23;6;6;6;7;6;6;6;6;6;02:06:11;;;;;;
670;en;24;F;Service Sector;India;5;6;5;6;6;6;7;6;5;04:43:59;6;5;5;5;5;5;6;6;6;04:43:44;;;;;;
167;en;24;F;Academic Profession;India;4;4;3;4;5;3;7;4;3;22:01:33;4;4;4;3;4;5;3;4;6;22:01:07;;;;;;
666;en;24;M;Sales;India;6;7;7;6;7;6;7;7;6;04:42:27;7;7;7;6;7;7;6;6;6;04:42:12;;;;;;
272;en;25;M;Sales;India;6;5;4;4;6;5;7;5;6;23:06:00;5;4;4;6;4;5;4;5;6;23:04:54;;;;;;
549;en;25;F;Academic Profession;India;7;7;6;6;6;6;7;6;7;02:14:45;7;7;7;6;7;6;6;7;6;02:15:19;;;;;;
170;en;25;M;Service Sector;India;5;4;6;5;6;6;7;7;6;22:01:05;5;6;6;7;7;4;6;5;6;22:00:35;;;;;;
203;en;25;M;Sales;India;5;6;5;5;5;5;7;5;5;22:05:39;5;5;4;5;4;5;5;5;6;22:06:10;;;;;;
176;en;25;M;Technicians;India;5;5;4;6;4;6;7;6;5;22:01:36;5;4;5;6;6;7;7;5;6;22:01:08;;;;;;
155;en;25;M;Agriculture;India;6;5;4;4;3;5;7;4;5;22:18:26;4;4;6;5;5;5;3;6;6;22:18:05;;;;;;
34;en;25;M;Social Services ;India;5;7;6;6;7;5;7;7;6;12:24:44;5;7;7;7;6;5;6;6;6;12:25:10;;;;;;
130;en;25;M;Technicians;India;5;5;5;6;6;4;7;6;5;09:29:50;5;6;4;5;7;7;5;6;6;09:29:21;;;;;;
551;en;25;M;Technicians;India;5;5;6;6;5;6;7;6;7;02:16:28;5;7;5;6;7;5;4;6;6;02:16:06;;;;;;
32;en;25;M;Sales;India;6;6;5;5;7;5;7;7;6;12:24:09;7;5;6;7;5;7;6;5;6;12:23:42;;;;;;
35;en;25;M;Agriculture;India;6;6;7;6;7;7;7;7;6;12:35:15;5;6;5;7;6;6;6;7;6;12:35:48;;;;;;
571;en;25;M;Technicians;India;5;4;5;5;3;6;7;4;5;02:29:22;5;4;4;6;3;5;5;6;6;02:29:39;;;;;;
56;en;25;F;Technicians;India;5;5;5;5;5;5;7;6;6;13:59:13;5;6;5;4;6;6;6;5;6;13:59:00;;;;;;
123;en;25;M;Academic Profession;India;6;4;6;5;4;3;7;5;4;21:58:55;5;5;4;4;4;6;4;6;6;21:59:25;;;;;;
212;en;25;M;Agriculture;India;5;5;6;4;5;4;7;5;4;10:08:53;5;3;5;5;5;4;4;4;6;10:09:55;;;;;;
582;en;25;M;Academic Profession;India;7;6;7;6;6;7;7;7;6;02:37:21;6;7;7;6;7;6;6;7;6;02:37:37;;;;;;
420;en;26;M;Technicians;India;5;4;4;6;5;6;7;6;6;01:41:55;5;6;5;4;7;4;6;4;6;01:42:31;;;;;;
440;en;26;F;Students;India;6;7;7;4;6;6;7;6;5;01:43:54;4;6;6;7;4;6;3;3;6;01:44:36;;;;;;
481;en;26;F;Technicians;India;5;4;5;6;5;6;7;6;5;01:46:52;6;3;4;6;4;5;5;5;6;01:46:26;;;;;;
336;en;26;F;Executives;India;7;6;6;7;6;6;7;6;7;01:11:43;7;6;6;7;6;7;7;7;6;01:12:08;;;;;;
36;en;26;F;Agriculture;India;6;6;7;5;6;4;7;6;7;12:34:22;6;6;6;7;7;7;6;7;6;12:34:45;;;;;;
476;en;26;M;Executives;India;5;6;7;6;7;6;7;6;7;01:46:15;6;7;5;7;6;5;6;7;6;01:46:00;;;;;;
509;en;26;M;Sales;India;5;6;3;5;4;5;7;6;4;01:59:56;4;5;6;5;6;4;5;7;6;02:00:16;;;;;;
503;en;26;M;Sales;India;5;6;4;3;4;5;7;5;6;01:53:38;7;4;5;4;6;6;5;4;6;01:53:23;;;;;;
651;en;26;F;Sales;India;6;7;6;6;6;7;7;6;7;04:14:44;6;7;6;7;6;7;6;7;6;04:14:29;;;;;;
610;en;26;F;Executives;India;5;6;7;7;6;6;7;6;6;03:18:12;5;7;7;6;5;7;6;6;6;03:18:36;;;;;;
363;en;26;M;Executives;India;4;6;7;5;6;5;7;7;6;01:40:45;5;6;7;7;5;7;6;6;6;01:41:28;;;;;;
521;en;26;M;Sales;India;3;6;5;5;4;5;7;6;4;02:01:53;4;5;4;5;4;6;7;5;6;02:01:37;;;;;;
314;en;26;M;Executives;India;6;5;6;5;5;5;7;6;5;00:35:13;5;1;4;5;1;1;1;2;6;00:34:21;;;;;;
55;en;26;F;-oth-;India;5;6;4;4;3;3;7;5;3;13:51:22;5;4;6;3;4;5;6;3;6;13:52:01;;;;;;
377;en;27;M;Technicians;India;5;5;5;4;6;6;7;5;6;01:41:51;5;6;5;5;4;6;5;4;6;01:42:29;;;;;;
611;en;27;M;Service Sector;India;6;5;4;6;7;6;7;6;7;03:20:18;5;6;7;6;6;5;7;5;6;03:20:34;;;;;;
67;en;27;M;Sales;India;7;5;6;4;6;6;7;5;6;15:18:00;5;5;6;6;5;7;6;6;6;15:17:44;;;;;;
221;en;27;F;Service Sector;India;2;4;3;3;6;5;7;3;5;22:13:38;6;4;2;6;5;3;3;3;6;22:12:56;;;;;;
149;en;27;F;Sales;India;6;5;6;6;5;5;7;6;6;21:59:33;7;4;5;6;5;6;6;5;6;22:00:05;;;;;;
206;en;27;F;Temporary Staff;India;5;6;4;6;5;5;7;5;6;22:06:48;4;5;5;7;6;6;6;6;6;22:07:24;;;;;;
448;en;28;M;Agriculture;India;3;4;4;3;5;4;7;5;4;01:43:50;3;5;3;4;5;4;5;4;6;01:44:14;;;;;;
590;en;28;M;Service Sector;India;6;5;4;6;5;5;7;7;6;02:51:22;5;6;5;7;7;7;6;6;6;02:52:07;;;;;;
54;en;28;F;Executives;India;5;5;4;5;6;4;7;5;5;01:18:42;5;4;6;7;5;5;4;5;6;01:19:03;;;;;;
693;en;28;M;Technicians;India;2;2;3;3;3;3;7;4;5;06:18:01;4;4;4;4;4;3;4;4;6;06:18:25;;;;;;
692;en;28;M;Technicians;India;6;3;4;6;3;2;7;4;5;06:15:06;4;5;5;5;5;4;4;4;6;06:16:33;;;;;;
38;en;28;M;Sales;India;4;4;5;6;4;3;7;4;5;12:35:49;4;5;4;3;4;6;4;5;6;13:02:32;;;;;;
52;en;28;F;Executives;India;6;5;4;4;3;5;7;5;4;13:29:50;6;5;6;6;5;5;6;7;6;13:29:27;;;;;;
278;en;28;M;Academic Profession;India;6;7;7;7;6;6;7;7;7;23:10:40;7;6;6;7;7;7;7;5;6;23:10:22;;;;;;
240;en;28;M;Agriculture;India;4;1;1;3;2;3;7;2;3;22:22:57;3;3;2;4;5;2;1;3;6;22:23:21;;;;;;
192;en;28;M;Service Sector;India;6;6;5;5;6;5;7;6;7;22:02:58;5;6;6;7;7;4;6;5;6;22:03:45;;;;;;
498;en;28;F;Technicians;India;5;6;7;6;6;7;7;6;5;01:52:08;4;7;6;6;4;5;6;5;6;01:51:39;;;;;;
134;en;28;M;Sales;India;5;6;5;4;4;3;7;5;4;21:59:41;4;3;4;4;3;2;1;4;6;21:59:05;;;;;;
227;en;28;M;Executives;India;7;7;6;7;7;6;7;7;7;22:15:24;7;6;7;7;7;7;7;7;6;22:15:08;;;;;;
222;en;28;M;Executives;India;7;7;6;7;6;7;7;7;7;22:13:32;6;7;7;7;7;7;7;7;6;22:13:16;;;;;;
342;en;28;M;Agriculture;India;6;7;7;5;4;3;7;5;4;01:29:00;3;4;6;5;7;2;2;1;6;01:28:31;;;;;;
197;en;28;M;Service Sector;India;7;5;7;6;7;6;7;7;6;22:06:23;7;7;7;7;6;7;7;6;6;22:07:28;;;;;;
47;en;28;M;Technicians;India;5;5;4;6;4;6;7;4;5;13:02:03;4;3;4;6;6;6;4;5;6;13:02:33;;;;;;
259;en;28;M;Academic Profession;India;7;7;6;7;6;7;7;7;6;22:48:00;7;5;7;7;7;7;6;6;6;22:47:43;;;;;;
262;en;28;M;Academic Profession;India;7;7;7;5;6;7;7;7;6;13:20:36;7;7;7;7;7;6;7;6;6;13:20:52;;;;;;
220;en;29;M;Academic Profession;India;5;3;4;6;6;4;7;6;7;22:12:33;5;5;7;7;6;3;3;1;6;22:12:12;;;;;;
139;en;29;M;Executives;India;4;5;5;3;4;3;7;3;2;21:59:34;3;2;4;4;2;4;1;3;6;21:59:00;;;;;;
43;en;29;M;Social Services ;India;5;6;5;7;5;5;7;3;3;00:20:25;1;6;3;6;4;7;2;3;6;00:20:02;;;;;;
211;en;30;M;Sales;India;5;4;5;4;3;4;7;5;4;22:08:51;5;4;3;5;3;4;4;4;6;22:09:23;;;;;;
413;en;30;F;Temporary Staff;India;6;5;5;6;6;5;7;6;5;01:42:45;5;5;6;4;5;5;6;6;6;01:42:33;;;;;;
691;en;30;F;Sales;India;3;4;4;4;5;4;7;5;6;06:03:31;5;4;4;5;4;4;4;4;6;06:03:09;;;;;;
168;en;30;F;Technicians;India;4;5;6;4;5;3;7;5;6;22:00:07;5;4;4;2;3;5;5;4;6;22:09:25;;;;;;
686;en;30;M;Social Services ;India;6;6;5;6;6;5;7;5;6;05:22:18;6;5;6;4;5;5;7;5;6;05:23:00;;;;;;
164;en;30;M;Social Services ;India;5;6;6;5;3;4;7;7;3;22:00:38;3;7;6;4;6;5;4;5;6;22:00:09;;;;;;
53;en;30;F;Technicians;India;4;6;5;5;6;4;7;6;4;13:36:35;4;3;4;5;4;6;5;3;6;13:36:20;;;;;;
387;en;31;M;Technicians;India;5;5;6;5;5;6;7;5;5;01:41:36;6;5;5;6;5;6;5;7;6;01:41:16;;;;;;
61;en;31;M;Technicians;India;5;4;5;2;5;4;7;4;4;15:11:13;3;5;5;5;3;4;4;4;6;15:11:34;;;;;;
21;en;31;M;Temporary Staff;India;4;3;5;5;4;4;7;5;4;12:15:34;3;4;4;3;5;4;4;5;6;12:15:54;;;;;;
485;en;32;F;Technicians;India;4;2;4;2;3;3;7;2;3;13:19:55;4;3;2;2;3;3;3;5;6;13:18:54;;;;;;
187;en;32;M;Technicians;India;5;6;6;6;5;6;7;5;6;22:02:36;5;3;6;5;2;4;6;5;6;22:03:46;;;;;;
506;en;32;F;Technicians;India;2;6;2;3;4;3;7;3;2;13:25:19;4;2;2;5;4;4;3;3;6;13:25:52;;;;;;
526;en;33;M;Executives;India;7;6;6;5;6;6;7;7;7;02:04:25;5;5;6;6;4;7;6;7;6;02:06:01;;;;;;
350;en;35;M;Sales;India;6;5;6;5;6;5;7;5;6;03:08:14;6;6;6;5;7;7;6;5;6;03:11:39;;;;;;
101;en;35;M;Technicians;India;5;6;4;5;4;4;7;4;5;21:58:49;4;5;4;4;4;5;6;5;6;21:59:17;;;;;;
348;en;35;M;Sales;India;5;5;4;5;4;5;7;3;4;01:46:52;5;4;4;4;5;5;5;5;6;01:47:45;;;;;;
181;en;37;M;Sales;India;6;2;5;3;4;5;7;4;6;22:04:01;3;7;6;2;4;4;3;2;6;22:03:26;;;;;;
11;en;37;M;Sales;India;1;2;3;1;2;2;7;1;2;12:09:27;1;2;2;3;1;2;1;3;6;12:08:32;;;;;;
541;en;37;M;-oth-;India;6;6;6;5;6;5;7;5;4;02:12:16;5;6;6;7;5;6;6;5;6;02:13:09;;;;;;
233;en;37;M;Academic Profession;India;5;7;6;6;5;5;7;7;6;22:18:35;5;4;6;5;6;6;6;6;6;22:17:52;;;;;;
161;en;39;F;-oth-;India;4;5;5;4;4;4;7;5;4;22:02:16;4;6;4;4;2;2;4;3;6;22:04:20;;;;;;
210;en;40;M;Technicians;India;7;5;5;4;5;6;7;6;5;22:20:15;5;4;4;5;7;6;5;5;6;22:08:50;;;;;;
131;en;45;M;Academic Profession;India;5;4;6;6;5;4;7;6;2;22:03:19;4;5;5;3;2;3;2;3;6;21:59:12;;;;;;
185;en;48;M;Executives;India;5;5;4;5;5;5;7;6;6;22:02:04;5;5;5;5;5;6;5;6;6;22:02:45;;;;;;
30;en;23;M;Students;India;6;6;6;6;6;5;7;5;7;12:21:28;5;7;6;5;6;6;6;7;6;12:21:50;;;;;;
545;en;25;F;Technicians;India;6;6;5;5;5;4;7;6;5;02:13:16;7;6;6;5;7;6;5;6;6;02:14:01;;;;;;
529;en;25;M;Technicians;India;5;6;6;4;4;5;7;4;5;02:07:35;5;3;6;5;4;6;5;4;6;02:08:13;;;;;;
199;en;28;M;Service Sector;India;6;6;6;7;6;7;7;5;7;22:05:14;6;7;6;7;7;6;7;6;6;22:04:57;;;;;;
279;en;34;M;Service Sector;India;5;6;5;6;6;5;7;6;5;23:12:15;6;5;6;4;5;5;5;4;6;23:11:23;;;;;;
60;en;34;M;Service Sector;India;5;6;6;5;6;5;7;5;3;14:56:35;4;5;5;5;2;4;3;2;6;14:55:32;;;;;;
421;en;23;F;Technicians;India;6;5;6;6;6;7;7;7;6;01:43:25;7;6;7;6;6;6;6;6;6;01:42:36;;;;;;
478;en;23;F;Technicians;India;6;6;5;7;7;6;7;6;6;13:16:02;5;6;7;6;5;6;7;6;6;13:15:49;;;;;;
213;en;27;M;Executives;India;6;7;5;5;7;3;7;2;5;22:09:42;2;3;7;6;5;4;7;5;6;22:10:20;;;;;;
65;en;39;F;Service Sector;;5;5;5;5;6;5;7;4;6;11:45:36;6;4;4;6;6;3;3;3;6;11:44:51;;;;;;
235;en;28;F;Executives;;7;7;5;4;4;5;7;6;5;22:18:30;1;5;4;4;5;4;7;7;6;22:18:11;;;;;;
633;en;25;M;Sales;US;7;5;5;7;6;7;7;5;3;18:18:40;7;4;7;6;4;6;4;4;6;18:17:59;;;;;;
492;en;30;M;Technicians;US;6;7;5;6;6;7;7;7;6;16:19:05;7;7;6;6;6;7;7;6;6;16:20:10;;;;;;
347;en;26;F;Students;US;6;6;7;3;5;4;7;5;7;13:05:45;5;6;4;5;4;7;6;4;6;13:05:19;;;;;;
415;en;31;F;-oth-;;1;2;7;2;2;1;7;4;1;22:11:45;1;1;1;1;1;1;1;1;6;22:12:41;;;;;;
16;en;36;F;Technicians;US;5;5;4;5;4;4;7;5;4;02:39:41;5;6;4;5;5;5;4;6;6;02:40:26;;;;;;
37;en;21;M;Service Sector;India;5;5;5;3;5;2;7;5;2;12:03:58;3;3;3;3;3;3;3;3;6;12:06:00;;;;;;
460;en;27;M;Students;;4;4;7;7;7;7;7;3;7;21:14:07;3;4;6;7;7;6;4;4;6;21:14:45;;;;;;
117;en;37;F;Service Sector;;5;6;5;2;2;2;7;6;1;12:22:04;5;2;4;5;4;2;2;2;6;12:20:58;;;;;;
46;en;23;F;Technicians;India;1;3;5;3;5;2;7;1;5;12:53:03;2;7;5;3;4;6;2;1;6;12:53:49;;;;;;
69;en;24;F;Sales;India;2;3;4;1;2;5;7;2;5;15:21:34;1;3;2;1;3;5;4;5;6;15:22:29;;;;;;
132;en;26;F;Technicians;India;6;6;5;4;5;5;7;6;5;21:58:56;6;6;7;6;6;5;5;7;6;21:59:20;;;;;;
622;en;29;F;-oth-;US;6;6;6;6;5;5;7;5;2;18:11:53;1;1;2;2;3;2;1;2;6;18:10:07;;;;;;
679;en;25;M;Academic Profession;US;4;4;2;6;1;3;7;5;3;05:28:20;7;7;5;6;2;6;4;3;6;05:28:49;;;;;;
289;en;26;F;Social Services ;US;6;3;4;5;7;6;7;6;5;10:49:04;4;5;6;7;4;3;7;2;6;10:50:20;;;;;;
698;en;30;M;Academic Profession;US;4;3;5;4;5;4;7;5;6;07:47:07;2;6;5;6;5;3;5;4;6;07:47:51;;;;;;
241;en;26;M;Service Sector;;5;5;6;6;5;5;7;6;5;22:25:25;6;5;5;5;6;6;5;5;6;22:25:48;;;;;;
554;en;27;M;Technicians;;5;5;5;5;6;5;7;7;5;20:47:07;1;3;4;4;3;4;3;4;6;20:47:48;;;;;;
224;en;30;F;Executives;;7;6;7;7;5;6;7;7;4;22:14:45;7;7;4;4;6;5;5;7;6;22:14:31;;;;;;
173;en;28;M;Sales;US;7;6;6;7;6;6;7;7;5;11:31:11;4;5;7;6;4;5;7;7;6;11:32:11;;;;;;
310;en;19;M;Students;US;1;3;1;1;1;1;7;3;1;15:02:00;1;1;1;1;1;1;1;1;6;15:01:51;;;;;;
567;en;19;F;Students;US;7;7;7;7;7;6;7;7;1;16:54:16;4;2;7;3;1;1;2;5;6;16:54:42;;;;;;
384;en;20;F;Sales;US;2;6;6;6;6;5;7;6;6;16:11:19;6;6;6;6;6;5;6;5;6;16:10:50;;;;;;
88;en;21;M;-oth-;US;6;7;6;6;6;4;7;4;4;12:29:58;4;5;4;5;5;5;4;5;6;12:28:59;;;;;;
405;en;21;M;Students;US;7;7;6;7;6;6;7;7;3;16:12:18;6;5;5;6;5;5;6;5;6;16:11:29;;;;;;
594;en;22;M;Sales;US;5;5;5;7;6;5;7;6;6;16:24:33;5;4;6;4;5;5;5;5;6;16:24:44;;;;;;
572;en;22;F;Service Sector;US;4;6;5;4;5;2;7;7;2;14:02:17;5;3;5;2;2;2;4;1;6;14:01:34;;;;;;
381;en;22;F;Social Services ;US;5;6;6;7;7;6;7;6;5;16:10:49;2;2;1;7;2;4;6;2;6;16:11:19;;;;;;
517;en;22;M;-oth-;US;3;4;5;4;4;4;7;5;4;16:30:56;3;3;4;4;3;4;4;4;6;16:31:26;;;;;;
97;en;22;M;Students;US;5;5;5;5;5;5;7;5;5;09:28:40;5;3;5;4;5;5;3;4;6;09:29:06;;;;;;
516;en;23;F;Service Sector;US;4;7;6;6;5;7;7;7;5;16:30:42;4;3;6;5;4;5;4;1;6;16:31:03;;;;;;
579;en;24;F;Sales;US;4;6;5;1;6;2;7;7;3;14:05:17;2;1;1;1;2;1;1;2;6;14:05:39;;;;;;
389;en;24;M;Agriculture;US;3;4;3;3;3;3;7;3;3;10:12:45;3;5;5;3;5;5;5;5;6;10:11:25;;;;;;
561;en;24;F;Sales;US;5;5;5;4;5;5;7;5;2;16:51:23;5;5;5;3;5;5;5;2;6;16:50:54;;;;;;
250;en;24;M;Students;US;6;5;7;4;6;4;7;5;2;12:03:06;5;3;6;5;7;7;4;5;6;12:03:29;;;;;;
659;en;24;M;-oth-;US;2;3;4;4;5;4;7;4;2;19:02:50;2;2;3;1;2;2;2;1;6;19:03:18;;;;;;
59;en;24;M;Technicians;US;1;2;1;3;3;1;7;1;7;04:37:58;1;1;1;2;1;3;1;1;6;04:37:41;;;;;;
444;en;25;F;Sales;US;5;6;7;3;4;3;7;6;1;16:13:27;1;1;3;1;1;1;1;1;6;16:14:16;;;;;;
589;en;25;M;-oth-;US;6;5;7;7;7;7;7;5;6;16:19:51;5;7;6;6;6;5;5;7;6;16:20:31;;;;;;
243;en;25;F;Academic Profession;US;6;6;5;5;5;6;7;6;5;09:55:08;5;5;4;5;5;4;6;5;6;09:55:22;;;;;;
557;en;25;F;Sales;US;4;5;5;4;5;4;7;5;4;21:49:23;4;4;4;6;4;4;5;4;6;21:50:59;;;;;;
637;en;25;M;Academic Profession;US;1;1;1;1;1;1;7;1;1;17:26:10;1;1;1;1;1;1;1;1;6;17:25:52;;;;;;
465;en;25;F;-oth-;US;3;4;3;5;6;3;7;4;4;16:15:57;3;1;6;4;6;1;2;1;6;16:15:17;;;;;;
490;en;25;M;Service Sector;US;5;5;5;4;5;6;7;6;3;13:51:24;3;3;3;4;4;4;4;3;6;13:51:40;;;;;;
439;en;25;M;-oth-;US;2;4;1;7;4;6;7;7;7;15:13:15;4;3;5;7;2;7;1;5;6;15:13:02;;;;;;
406;en;25;F;Executives;US;4;7;6;6;7;4;7;7;6;15:11:10;6;6;5;6;4;4;5;7;6;15:13:44;;;;;;
575;en;26;M;Service Sector;US;5;5;4;5;5;5;7;4;3;17:03:13;7;6;6;6;6;4;6;6;6;17:02:59;;;;;;
568;en;26;F;Technicians;US;2;4;3;5;5;4;7;5;2;16:55:50;2;2;2;1;2;1;2;2;6;16:56:07;;;;;;
152;en;26;F;Sales;US;6;6;6;6;6;6;7;7;6;12:29:40;6;1;5;1;1;5;3;1;6;12:30:21;;;;;;
668;en;26;F;-oth-;US;5;6;5;5;4;5;7;5;3;16:13:20;2;2;2;6;3;5;3;3;6;16:12:18;;;;;;
151;en;26;M;Academic Profession;US;6;7;6;6;6;7;7;6;5;11:29:38;3;2;6;5;2;7;3;6;6;11:30:25;;;;;;
352;en;27;M;-oth-;US;3;4;5;5;5;5;7;5;5;21:06:42;3;4;4;4;4;4;3;2;6;21:07:15;;;;;;
361;en;27;F;Temporary Staff;US;7;6;6;7;5;5;7;7;6;13:10:58;2;2;3;5;6;3;1;2;6;13:10:36;;;;;;
270;en;27;F;Sales;US;4;5;5;4;5;4;7;5;2;13:30:52;2;2;5;3;2;2;2;2;6;13:30:22;;;;;;
375;en;27;F;Sales;US;7;5;6;6;6;6;7;6;6;15:11:28;6;5;6;5;5;5;6;5;6;15:10:47;;;;;;
653;en;27;F;Sales;US;3;3;2;6;7;7;7;1;7;18:46:31;4;2;4;4;4;3;2;1;6;18:46:09;;;;;;
471;en;27;F;Sales;US;7;6;5;6;5;6;7;5;3;16:15:24;3;3;4;3;5;2;3;4;6;16:24:36;;;;;;
510;en;27;M;Agriculture;US;5;6;6;4;2;5;7;6;1;13:26:59;1;1;1;1;1;1;3;1;6;13:31:01;;;;;;
671;en;27;F;-oth-;US;2;2;2;2;3;2;7;2;3;18:15:38;1;2;2;3;1;2;3;1;6;18:20:10;;;;;;
612;en;27;M;Technicians;US;4;5;5;5;5;5;7;5;5;17:50:35;6;6;3;6;5;6;3;6;6;17:49:59;;;;;;
18;en;27;F;-oth-;US;7;7;7;7;7;4;7;5;1;01:45:18;1;1;1;1;1;1;1;1;6;01:43:10;;;;;;
556;en;28;F;Technicians;US;7;7;7;1;1;1;7;7;7;15:55:19;1;1;1;1;1;7;1;1;6;15:51:56;;;;;;
77;en;28;M;Technicians;US;4;6;5;6;5;5;7;5;3;12:28:52;3;3;5;4;5;4;3;4;6;12:28:23;;;;;;
623;en;28;F;-oth-;US;4;5;6;6;6;5;7;4;5;17:10:02;5;6;6;5;6;6;3;3;6;17:09:43;;;;;;
685;en;28;M;Technicians;US;2;5;4;5;2;3;7;4;4;18:50:44;5;3;3;3;2;4;3;5;6;18:50:35;;;;;;
695;en;28;F;Social Services ;US;4;7;6;6;5;6;7;3;5;20:57:17;3;2;5;2;4;3;3;2;6;20:56:28;;;;;;
677;en;28;M;Academic Profession;US;2;4;6;4;5;3;7;5;3;05:24:30;7;3;5;5;4;5;3;4;6;05:24:48;;;;;;
527;en;28;M;Service Sector;US;5;6;5;6;6;7;7;7;5;14:34:28;5;5;2;7;4;6;2;5;6;14:35:13;;;;;;
85;en;28;M;-oth-;US;7;7;7;4;6;4;7;4;2;12:29:56;1;1;3;1;1;1;1;1;6;12:29:15;;;;;;
302;en;28;M;Technicians;US;3;4;4;4;4;4;7;4;3;11:40:06;3;3;4;3;3;3;2;2;6;11:40:51;;;;;;
50;en;29;M;Sales;US;1;1;1;1;1;1;7;5;5;02:55:25;2;2;2;2;2;3;3;2;6;02:56:18;;;;;;
397;en;29;M;Executives;US;6;5;2;3;5;4;7;5;4;16:11:54;6;3;5;5;4;2;5;2;6;16:12:32;;;;;;
511;en;29;M;Sales;US;3;7;6;5;5;4;7;6;3;16:28:13;5;4;4;3;7;3;2;2;6;16:28:42;;;;;;
360;en;29;M;Technicians;US;4;5;6;5;4;5;7;6;3;13:11:09;2;1;5;6;2;3;2;1;6;13:10:39;;;;;;
301;en;29;F;Technicians;US;5;6;4;5;4;4;7;5;6;14:39:18;5;7;7;6;6;6;5;5;6;14:40:11;;;;;;
627;en;30;M;Sales;US;5;3;1;4;6;7;7;7;1;15:13:43;3;4;7;7;7;6;3;4;6;15:13:46;;;;;;
629;en;30;M;Sales;US;1;1;2;5;7;7;7;6;3;15:14:55;1;7;6;2;1;2;5;7;6;15:15:01;;;;;;
613;en;30;M;Service Sector;US;2;2;1;1;1;1;7;1;1;14:52:22;1;1;2;1;1;1;1;1;6;14:51:09;;;;;;
175;en;30;F;Academic Profession;US;5;5;5;5;5;4;7;4;4;18:31:57;1;1;6;2;2;1;1;1;6;18:31:10;;;;;;
463;en;31;M;Sales;US;1;6;5;7;7;7;7;5;7;15:14:20;4;2;1;1;1;2;5;2;6;15:17:23;;;;;;
618;en;31;F;Service Sector;US;4;4;5;4;5;5;7;4;5;16:55:42;4;5;5;4;4;5;4;4;6;16:56:10;;;;;;
477;en;31;F;-oth-;US;6;6;7;5;3;6;7;6;1;15:16:01;7;1;3;6;5;5;3;2;6;15:16:32;;;;;;
550;en;32;F;Sales;US;7;4;6;2;4;5;7;3;1;15:45:55;1;2;6;1;7;2;6;2;6;15:45:45;;;;;;
370;en;32;M;Technicians;US;4;6;7;5;3;3;7;4;2;16:10:55;1;7;2;2;2;7;4;1;6;16:10:46;;;;;;
141;en;32;F;Service Sector;US;1;1;3;1;1;1;7;1;1;11:30:08;1;1;1;1;1;1;1;1;6;11:29:22;;;;;;
489;en;32;F;-oth-;US;5;6;6;6;6;6;7;5;4;16:18:46;6;3;6;6;5;6;6;3;6;16:18:14;;;;;;
94;en;32;F;-oth-;US;3;5;5;6;6;5;7;7;6;12:28:37;5;3;5;6;5;6;2;1;6;12:29:11;;;;;;
398;en;32;M;Service Sector;US;3;2;3;4;2;5;7;2;5;16:11:29;4;3;6;5;5;3;1;5;6;16:12:28;;;;;;
652;en;33;M;Executives;US;4;4;5;6;5;6;7;6;2;18:45:22;4;2;2;6;2;5;2;6;6;18:44:57;;;;;;
162;en;33;F;-oth-;US;5;5;5;4;3;2;7;6;2;12:30:14;2;1;3;1;2;2;1;1;6;12:29:43;;;;;;
469;en;33;F;-oth-;US;2;4;3;4;2;4;7;4;1;15:17:12;1;1;7;2;2;1;1;1;6;15:16:28;;;;;;
522;en;33;F;Sales;US;7;7;7;7;7;7;7;7;1;16:33:36;1;1;1;1;1;1;1;1;6;16:33:20;;;;;;
209;en;34;F;Technicians;US;3;5;3;5;3;4;7;5;1;12:38:48;4;1;5;4;3;1;1;1;6;12:38:14;;;;;;
694;en;34;F;Technicians;US;3;3;5;3;3;2;7;4;2;17:55:27;3;3;5;4;3;3;2;1;6;17:54:35;;;;;;
304;en;35;M;Technicians;US;7;7;6;6;5;5;7;6;3;12:50:27;3;1;5;2;6;3;3;3;6;12:49:45;;;;;;
501;en;35;M;Service Sector;US;7;7;7;7;4;4;7;6;3;13:22:08;1;1;1;1;1;1;1;1;6;13:22:36;;;;;;
513;en;35;M;Academic Profession;US;3;6;5;5;6;6;7;6;3;23:29:16;1;1;2;2;2;2;1;1;6;23:29:57;;;;;;
585;en;36;M;-oth-;US;2;3;6;4;6;4;7;2;6;16:09:20;2;1;6;3;3;3;4;3;6;16:08:40;;;;;;
537;en;36;F;Executives;US;4;4;3;4;3;5;7;5;2;16:39:56;2;2;6;2;2;1;3;2;6;16:40:37;;;;;;
657;en;36;M;Technicians;US;5;5;6;5;5;3;7;5;1;18:59:27;1;1;1;1;1;1;1;1;6;18:59:44;;;;;;
528;en;36;F;Sales;US;5;6;6;5;7;6;7;7;2;16:35:26;5;6;7;6;6;6;5;6;6;16:34:30;;;;;;
437;en;36;M;Technicians;US;2;5;2;3;3;5;7;5;2;15:13:42;2;2;4;2;2;5;4;3;6;15:13:08;;;;;;
443;en;36;F;-oth-;US;4;5;5;3;5;2;7;5;1;16:13:01;1;1;1;1;1;1;1;1;6;16:13:27;;;;;;
374;en;36;F;Social Services ;US;6;7;7;7;7;7;7;7;5;13:10:51;7;2;5;7;5;2;7;2;6;13:11:34;;;;;;
553;en;36;F;Technicians;US;4;6;4;5;7;5;7;6;5;16:47:14;4;2;5;5;5;5;4;1;6;16:46:36;;;;;;
357;en;36;M;Students;US;5;5;4;4;2;2;7;4;1;16:10:45;1;1;4;1;1;1;1;1;6;16:10:28;;;;;;
514;en;37;M;Technicians;US;3;2;4;5;6;6;7;4;5;16:30:05;5;6;5;1;7;6;6;1;6;16:29:37;;;;;;
226;en;37;F;-oth-;US;5;5;7;7;6;4;7;4;3;12:45:35;3;3;7;4;3;2;1;1;6;12:45:06;;;;;;
583;en;37;M;Temporary Staff;US;4;3;5;4;5;4;7;4;4;17:08:12;5;5;5;5;5;5;4;2;6;17:07:48;;;;;;
282;en;37;F;Temporary Staff;US;1;1;4;7;7;7;7;4;2;10:41:56;7;7;1;7;5;5;1;3;6;10:42:47;;;;;;
95;en;37;M;Service Sector;US;6;5;6;5;2;6;7;6;1;11:29:33;1;1;1;1;1;1;1;1;6;11:28:49;;;;;;
102;en;38;F;-oth-;US;1;4;2;2;4;1;7;4;5;12:29:06;1;1;4;1;1;1;1;1;6;12:30:20;;;;;;
438;en;38;M;-oth-;US;3;3;5;3;5;3;7;4;4;15:14:10;4;4;2;4;3;2;2;2;6;15:13:25;;;;;;
292;en;38;M;Service Sector;US;7;7;6;4;4;4;7;6;1;19:52:56;1;1;4;1;2;1;1;1;6;19:53:26;;;;;;
208;en;39;F;Service Sector;US;4;4;3;1;1;1;7;3;1;12:39:57;3;1;4;1;2;1;1;1;6;12:38:23;;;;;;
519;en;39;M;Sales;US;6;6;7;4;6;2;7;7;1;16:30:30;1;1;1;1;1;1;1;1;6;16:31:06;;;;;;
479;en;39;M;Executives;US;1;1;2;2;2;2;7;2;2;13:16:33;2;2;2;2;2;2;2;2;6;13:15:52;;;;;;
380;en;39;M;-oth-;US;2;5;3;7;7;6;7;4;6;13:11:24;3;1;7;1;7;4;7;1;6;13:10:46;;;;;;
656;en;39;M;-oth-;US;5;6;6;6;6;6;7;6;4;18:55:45;5;2;5;5;5;6;4;6;6;18:56:20;;;;;;
580;en;39;F;-oth-;US;1;1;1;1;1;1;7;1;1;17:06:14;1;1;7;7;7;1;1;7;6;17:07:05;;;;;;
473;en;40;M;Technicians;US;3;4;4;3;3;2;7;5;2;13:15:40;2;2;5;2;2;2;2;3;6;13:15:17;;;;;;
636;en;42;M;Sales;US;5;5;4;3;5;4;7;4;1;18:26:45;2;2;2;2;2;3;2;1;6;18:25:37;;;;;;
453;en;42;M;-oth-;US;5;6;6;6;6;2;7;6;2;16:13:54;2;1;3;2;3;3;1;2;6;16:15:16;;;;;;
640;en;44;M;Executives;US;1;1;1;1;1;1;7;1;1;18:32:18;1;1;1;1;1;1;1;1;6;18:31:40;;;;;;
462;en;44;M;-oth-;US;5;6;5;5;5;5;7;7;2;16:14:42;2;3;7;4;7;5;7;1;6;16:14:16;;;;;;
373;en;44;F;-oth-;US;5;7;5;5;6;4;7;4;1;16:11:53;1;1;1;1;1;1;1;1;6;16:11:02;;;;;;
606;en;45;F;Technicians;US;5;7;6;7;3;6;7;6;6;17:44:59;2;2;5;2;3;1;1;1;6;17:45:34;;;;;;
119;en;45;M;Technicians;US;1;4;4;3;2;2;7;4;3;12:28:50;2;2;3;2;1;1;1;1;6;12:29:24;;;;;;
603;en;46;F;Service Sector;US;3;4;4;5;5;6;7;5;4;17:43:48;1;2;5;3;2;2;2;1;6;17:44:23;;;;;;
378;en;46;M;Sales;US;2;2;2;2;2;2;7;3;1;16:11:23;1;1;2;1;1;1;1;1;6;16:10:59;;;;;;
607;en;46;F;-oth-;US;3;4;1;2;1;1;7;7;1;17:45:30;1;1;1;1;1;1;1;1;6;17:45:06;;;;;;
265;en;47;M;Technicians;US;1;2;4;1;1;2;7;3;2;13:24:52;2;1;1;1;2;1;1;1;6;13:24:01;;;;;;
587;en;47;F;-oth-;US;1;4;3;1;3;2;7;3;1;14:12:50;1;1;1;2;1;2;1;1;6;14:12:01;;;;;;
150;en;48;F;-oth-;US;3;3;4;3;4;3;7;3;3;12:29:26;3;4;5;2;4;4;3;2;6;12:30:28;;;;;;
667;en;48;F;-oth-;US;2;4;4;5;6;5;7;3;5;16:11:43;3;3;4;3;4;3;3;3;6;16:12:34;;;;;;
137;en;49;M;Service Sector;US;3;4;2;6;1;3;7;2;3;11:30:03;1;1;2;1;2;1;1;1;6;11:29:33;;;;;;
426;en;51;M;Technicians;US;5;5;5;3;6;3;7;6;3;15:11:50;2;2;2;1;1;2;2;1;6;15:12:21;;;;;;
369;en;51;F;-oth-;US;4;5;4;3;2;4;7;5;1;15:10:48;2;2;5;1;2;2;2;1;6;15:11:17;;;;;;
311;en;51;M;-oth-;US;6;7;6;7;7;7;7;6;7;15:10:57;7;7;6;7;1;7;6;6;6;15:11:11;;;;;;
252;en;52;F;-oth-;US;5;4;4;6;1;5;7;7;4;13:09:24;1;1;1;1;1;1;1;1;6;13:10:31;;;;;;
166;en;52;M;-oth-;US;1;3;3;4;4;3;7;2;1;11:30:45;1;1;2;1;1;2;1;1;6;11:31:33;;;;;;
128;en;53;F;Executives;US;2;3;1;1;2;1;7;1;1;09:29:23;1;1;1;1;1;1;1;1;6;09:28:59;;;;;;
450;en;54;F;Service Sector;US;2;4;1;5;5;4;7;2;2;16:14:52;2;2;6;2;2;2;1;1;6;16:14:13;;;;;;
145;en;55;F;Executives;US;5;5;5;5;5;5;7;5;5;12:47:54;5;4;4;3;5;4;4;3;6;12:46:35;;;;;;
470;en;56;M;Service Sector;US;2;5;5;3;4;1;7;5;3;15:17:19;1;1;1;1;1;1;1;1;6;15:15:58;;;;;;
138;en;58;M;Technicians;US;3;4;3;3;3;3;7;3;2;12:29:53;2;2;5;2;3;2;2;2;6;12:29:22;;;;;;
294;en;58;F;Social Services ;US;4;6;5;5;4;3;7;6;2;14:04:25;1;1;1;1;1;1;1;1;6;14:04:04;;;;;;
315;en;60;F;-oth-;US;5;6;7;6;6;6;7;7;5;14:05:34;2;2;6;3;3;2;1;1;6;14:05:10;;;;;;
178;en;60;F;Service Sector;US;1;2;1;2;2;1;7;2;1;10:31:18;2;3;3;2;3;1;1;1;6;10:32:11;;;;;;
115;en;60;F;-oth-;US;3;6;5;4;3;4;7;6;3;12:29:17;3;2;5;4;4;2;1;4;6;12:29:58;;;;;;
542;en;72;M;-oth-;US;1;5;1;1;1;1;7;1;1;15:43:54;1;1;1;1;1;1;1;1;6;15:42:47;;;;;;
329;en;21;M;Sales;US;6;4;5;4;5;4;7;6;6;15:21:42;5;5;5;4;5;4;4;5;6;15:21:30;;;;;;
81;en;24;F;-oth-;US;3;5;7;6;5;6;7;6;3;10:29:08;5;3;4;5;1;2;3;5;6;10:29:55;;;;;;
142;en;25;M;Technicians;US;3;4;5;3;3;3;7;4;1;12:29:25;2;1;1;1;1;1;1;1;6;12:30:12;;;;;;
191;en;27;F;-oth-;US;7;7;3;4;1;5;7;7;3;09:33:29;6;7;7;1;1;4;3;4;6;09:34:04;;;;;;
165;en;29;F;Sales;US;5;5;5;4;3;2;7;5;3;12:29:57;2;2;2;1;2;1;1;2;6;12:30:38;;;;;;
483;en;33;M;-oth-;US;5;5;6;5;4;5;7;6;4;13:18:45;2;1;1;2;1;2;1;3;6;13:19:16;;;;;;
577;en;35;F;Sales;US;4;5;4;3;6;1;7;7;2;14:02:03;2;1;5;6;5;3;2;2;6;14:03:42;;;;;;
10;en;21;F;Students;US;4;5;6;7;6;6;7;7;7;02:38:24;3;1;5;3;5;6;1;2;6;02:37:41;;;;;;
154;en;27;F;Technicians;US;6;5;5;6;5;6;7;5;3;22:00:00;5;6;5;6;4;5;5;4;6;22:00:47;;;;;;
365;en;28;M;Sales;US;2;4;4;4;5;2;7;4;1;16:10:56;1;1;1;1;1;1;1;1;6;16:12:03;;;;;;
672;en;28;F;Academic Profession;US;7;6;6;5;6;5;7;6;7;16:15:08;5;7;6;7;7;7;4;6;6;16:15:27;;;;;;
442;en;28;M;Technicians;US;6;7;7;7;6;6;7;7;7;16:13:33;7;6;7;3;7;7;7;6;6;16:13:12;;;;;;
497;en;30;M;Temporary Staff;US;3;4;4;6;6;6;7;5;5;15:20:35;7;7;7;7;7;7;7;7;6;15:20:17;;;;;;
320;en;31;F;-oth-;US;1;1;1;1;1;1;7;1;7;12:12:03;1;1;7;1;1;1;7;1;6;12:11:21;;;;;;
512;en;31;M;-oth-;US;5;4;6;6;5;6;7;4;5;13:29:43;5;4;5;5;5;5;5;4;6;13:30:00;;;;;;
116;en;36;F;-oth-;US;3;5;4;5;6;4;7;5;3;12:29:54;5;3;4;4;5;4;5;1;6;12:29:21;;;;;;
247;en;37;M;Technicians;US;7;7;6;6;6;4;7;7;3;12:57:58;1;1;4;1;2;1;1;1;6;12:58:32;;;;;;
207;en;38;M;Service Sector;US;6;6;7;4;6;1;7;7;1;12:37:12;1;1;1;1;1;1;1;1;6;12:37:34;;;;;;
133;en;38;M;Technicians;US;5;6;5;4;5;5;7;6;3;12:30:08;4;6;6;4;5;5;7;5;6;12:29:51;;;;;;
96;en;39;M;Agriculture;US;7;5;7;6;4;6;7;2;5;09:29:34;5;5;5;4;6;4;1;5;6;09:28:56;;;;;;
635;en;51;M;Sales;US;2;2;5;5;5;4;7;2;5;15:21:13;3;4;2;3;3;2;1;1;6;15:20:29;;;;;;
404;en;62;M;Technicians;US;5;6;4;5;5;6;7;5;6;16:11:17;5;6;5;6;5;6;6;3;6;16:10:04;;;;;;
664;en;36;M;Service Sector;US;3;1;1;1;2;3;7;1;1;17:11:45;5;1;3;4;1;2;1;6;6;17:10:48;;;;;;
665;en;23;M;Academic Profession;US;4;3;4;5;5;4;7;4;5;04:40:53;7;3;3;5;4;2;4;4;6;04:40:30;;;;;;
312;en;23;F;Service Sector;US;2;3;6;7;6;5;7;6;6;15:03:53;6;3;6;6;7;7;7;1;6;15:04:30;;;;;;
646;en;24;M;Academic Profession;US;3;3;6;6;3;5;7;5;4;04:18:40;7;3;3;2;4;5;3;4;6;04:17:41;;;;;;
683;en;25;F;Academic Profession;US;3;5;4;4;6;4;7;4;6;05:18:24;7;4;3;4;3;6;3;4;6;05:17:59;;;;;;
325;en;25;M;Academic Profession;US;1;1;2;5;1;4;7;6;5;15:13:23;1;1;2;2;6;7;3;6;6;15:13:17;;;;;;
682;en;25;M;Academic Profession;US;3;6;5;5;2;4;7;2;4;05:15:31;7;3;6;3;5;3;4;4;6;05:15:51;;;;;;
204;en;26;M;Technicians;US;3;5;4;5;4;4;7;3;4;09:36:14;5;4;5;3;4;4;4;4;6;09:36:36;;;;;;
491;en;27;M;Service Sector;US;2;4;4;5;6;2;7;6;5;16:18:13;4;3;2;2;6;2;3;2;6;16:18:49;;;;;;
472;en;27;F;Academic Profession;US;6;5;3;6;5;6;7;5;6;01:44:56;5;4;5;5;6;6;5;7;6;01:50:34;;;;;;
684;en;28;F;Academic Profession;US;4;3;3;5;3;5;7;4;4;05:20:03;7;6;3;2;3;5;4;4;6;05:21:19;;;;;;
673;en;29;M;Technicians;US;7;7;4;7;7;7;7;7;4;19:15:13;7;4;4;7;7;7;7;2;6;19:15:56;;;;;;
201;en;30;M;Service Sector;US;4;5;4;4;4;5;7;5;3;11:35:25;3;4;5;5;3;5;3;4;6;11:34:54;;;;;;
663;en;30;M;Technicians;US;5;6;7;3;4;5;7;4;3;19:08:35;4;7;5;4;4;5;5;6;6;19:09:16;;;;;;
366;en;30;M;Technicians;US;4;4;4;4;3;5;7;5;3;15:10:39;3;4;3;4;4;3;4;4;6;15:11:02;;;;;;
441;en;30;M;Service Sector;US;5;5;6;5;7;6;7;4;5;01:43:17;6;5;7;6;6;6;6;5;6;01:43:04;;;;;;
254;en;30;F;Sales;US;4;5;6;6;6;6;7;4;6;13:13:55;1;1;6;1;1;1;1;1;6;13:15:17;;;;;;
284;en;34;M;Service Sector;US;1;1;3;1;5;4;7;3;1;10:45:31;2;2;7;1;2;1;1;2;6;10:46:00;;;;;;
274;en;34;M;Technicians;US;2;6;2;1;1;1;7;2;1;12:37:11;1;1;1;1;1;1;1;1;6;12:36:48;;;;;;
532;en;40;M;Academic Profession;US;5;3;5;4;6;4;7;1;3;15:32:03;6;3;5;2;2;2;5;3;6;15:33:32;;;;;;
402;en;42;M;Technicians;US;6;5;5;5;5;5;7;6;1;15:11:03;1;1;1;1;1;1;4;1;6;15:11:21;;;;;;
111;en;47;F;-oth-;US;1;1;4;4;1;1;7;1;1;09:29:11;1;7;7;1;1;1;1;1;6;09:28:48;;;;;;
639;en;47;F;-oth-;US;4;5;5;6;6;3;7;5;4;15:30:23;2;1;4;1;3;2;2;1;6;15:31:07;;;;;;
394;en;54;F;-oth-;US;4;6;6;5;3;6;7;6;4;13:12:27;1;2;4;1;2;1;1;1;6;13:11:32;;;;;;
160;en;55;F;-oth-;US;5;5;5;4;4;4;7;4;3;09:29:59;3;2;5;2;3;3;2;2;6;09:30:47;;;;;;
482;en;65;M;-oth-;US;3;4;3;6;6;5;7;4;7;16:17:28;2;2;3;1;2;2;2;1;6;16:18:39;;;;;;
126;en;27;F;Temporary Staff;US;4;4;4;1;4;4;7;4;1;18:29:29;1;1;1;4;1;4;1;1;6;18:29:02;;;;;;
195;en;20;M;-oth-;US;7;7;7;7;7;7;7;7;4;12:34:17;1;1;2;1;1;1;1;1;6;12:33:26;;;;;;
317;en;22;M;Sales;US;6;6;6;6;6;5;7;6;5;22:11:09;1;2;2;2;1;2;1;5;6;22:08:21;;;;;;
179;en;23;F;Service Sector;US;3;7;6;6;4;3;7;7;1;12:31:22;1;1;1;1;3;1;1;1;6;12:31:06;;;;;;
92;en;23;F;Sales;US;2;5;5;2;2;3;7;7;1;11:28:38;1;1;5;1;4;1;1;1;6;11:29:05;;;;;;
78;en;23;M;Technicians;US;5;4;5;4;4;3;7;4;5;12:28:39;4;4;7;5;4;5;6;5;6;12:28:18;;;;;;
323;en;23;M;-oth-;US;5;6;6;7;5;7;7;7;6;14:12:45;6;4;5;6;7;7;6;5;6;14:13:02;;;;;;
205;en;23;M;-oth-;US;5;6;6;6;7;6;7;7;6;12:36:44;6;3;5;5;7;5;3;5;6;12:37:06;;;;;;
362;en;23;M;-oth-;US;4;7;7;6;6;7;7;7;5;15:11:15;5;5;7;5;4;5;6;4;6;15:12:00;;;;;;
82;en;24;M;Students;US;5;5;5;5;5;5;7;5;5;12:28:46;3;3;3;3;3;3;3;3;6;12:28:21;;;;;;
91;en;24;M;Technicians;US;3;5;5;2;4;1;7;6;2;12:28:28;1;2;2;3;1;2;1;4;6;12:28:44;;;;;;
569;en;24;M;Service Sector;US;5;2;2;6;3;3;7;7;5;13:53:09;5;3;3;5;2;4;5;3;6;13:52:58;;;;;;
457;en;24;F;Executives;US;5;5;6;6;5;4;7;6;5;16:14:15;6;4;5;6;5;5;6;5;6;16:14:26;;;;;;
619;en;24;M;Executives;US;6;5;5;6;6;5;7;6;6;03:31:18;6;6;6;5;6;6;5;5;6;03:31:03;;;;;;
660;en;24;F;Academic Profession;US;2;5;5;5;5;4;7;4;5;19:05:52;1;1;4;1;2;1;1;1;6;19:05:16;;;;;;
49;en;24;M;Technicians;US;2;3;5;4;3;4;7;3;4;00:42:58;4;3;2;2;4;5;3;2;6;00:43:33;;;;;;
80;en;25;F;Service Sector;US;2;5;5;3;5;6;7;5;5;12:28:54;3;2;7;2;2;3;2;2;6;12:28:26;;;;;;
266;en;25;F;-oth-;US;4;6;6;7;4;5;7;6;4;13:24:20;3;2;4;1;3;2;3;1;6;13:24:43;;;;;;
239;en;25;M;Social Services ;US;3;5;4;4;3;5;7;5;4;10:53:28;2;5;2;2;1;3;3;1;6;10:54:18;;;;;;
186;en;25;M;Students;US;1;3;4;3;4;2;7;4;7;12:32:00;1;2;2;5;4;1;2;2;6;12:32:40;;;;;;
299;en;25;M;-oth-;US;3;1;2;2;5;4;7;2;5;14:20:06;4;5;7;6;7;6;5;5;6;14:19:35;;;;;;
340;en;25;F;Technicians;US;2;3;2;3;3;3;7;2;7;14:43:35;1;1;1;1;1;1;1;1;6;14:44:13;;;;;;
305;en;25;M;Sales;US;4;4;4;4;4;4;7;7;1;13:50:41;4;1;1;1;1;1;1;1;6;13:51:13;;;;;;
313;en;25;F;Sales;US;6;6;6;6;4;7;7;4;2;15:05:45;1;1;1;1;1;1;1;2;6;15:04:51;;;;;;
287;en;25;F;Sales;US;4;3;5;3;4;4;7;6;4;12:47:23;5;4;3;3;3;4;2;5;6;12:47:13;;;;;;
662;en;25;M;Technicians;US;7;7;7;7;7;7;7;1;1;18:07:09;1;1;1;1;1;1;1;1;6;18:06:57;;;;;;
253;en;25;F;Students;US;4;5;5;5;3;3;7;4;4;13:09:51;3;3;5;4;4;4;4;5;6;13:10:06;;;;;;
19;en;26;M;Academic Profession;US;6;6;5;5;5;7;7;7;6;23:43:49;6;5;4;7;6;7;5;5;6;23:43:35;;;;;;
505;en;26;F;-oth-;US;7;7;7;7;7;7;7;6;6;16:24:51;6;4;6;3;5;5;4;1;6;16:24:26;;;;;;
641;en;26;M;Technicians;US;5;4;5;4;5;4;7;6;5;17:31:19;3;2;4;4;5;5;4;5;6;17:49:59;;;;;;
143;en;26;M;Technicians;US;6;7;7;7;6;4;7;7;1;10:28:55;2;1;4;1;2;1;1;1;6;10:29:22;;;;;;
573;en;26;F;Sales;US;7;5;6;6;7;6;7;6;7;02:32:25;7;6;6;7;7;7;6;6;6;02:33:10;;;;;;
198;en;26;M;Sales;US;2;5;3;4;5;3;7;4;3;12:34:54;2;5;4;2;4;5;3;3;6;12:35:07;;;;;;
306;en;26;F;Technicians;US;5;6;5;5;5;5;7;5;1;15:04:18;2;1;1;2;2;3;1;3;6;14:51:47;;;;;;
307;en;26;F;Technicians;US;4;3;2;3;5;2;7;5;3;14:55:48;4;4;2;3;3;2;2;4;6;14:55:57;;;;;;
391;en;26;M;-oth-;US;6;6;6;3;6;2;7;7;1;13:11:14;1;1;1;1;1;1;1;1;6;13:11:51;;;;;;
114;en;26;M;-oth-;US;5;6;5;5;4;1;7;5;4;12:28:56;3;3;2;2;3;2;2;1;6;12:29:15;;;;;;
42;en;27;M;Executives;US;2;1;4;6;6;6;7;1;6;12:15:59;6;2;6;6;2;5;2;6;6;12:15:32;;;;;;
586;en;27;F;-oth-;US;6;7;6;7;7;6;7;7;5;17:10:12;1;1;4;2;2;1;1;1;6;17:09:48;;;;;;
215;en;27;M;-oth-;US;1;1;1;2;1;1;7;6;1;09:40:49;1;2;6;6;2;2;1;5;6;09:40:21;;;;;;
676;en;27;M;Temporary Staff;US;3;4;3;5;4;5;7;2;3;19:28:56;3;1;5;3;3;3;2;2;6;19:28:25;;;;;;
251;en;27;M;Technicians;US;6;6;3;4;6;2;7;5;2;12:05:10;7;2;5;5;5;5;4;4;6;12:05:28;;;;;;
584;en;27;M;-oth-;US;5;6;6;6;7;4;7;7;2;17:08:16;2;1;2;1;1;1;1;1;6;17:09:00;;;;;;
602;en;28;M;Students;US;5;5;4;2;5;2;7;6;2;02:41:43;2;2;2;2;2;2;1;2;6;02:41:13;;;;;;
182;en;28;M;Executives;US;3;4;3;3;2;3;7;4;1;12:31:28;1;1;1;1;1;1;1;1;6;12:31:49;;;;;;
399;en;28;F;Service Sector;US;6;5;7;6;6;6;7;7;6;16:12:04;6;6;6;7;7;7;6;5;6;16:11:36;;;;;;
297;en;28;F;Service Sector;US;7;7;7;7;7;7;7;7;4;13:12:51;1;1;1;1;1;1;1;1;6;13:07:52;;;;;;
655;en;28;M;Sales;US;4;4;6;4;4;3;7;4;2;18:54:50;2;3;3;3;3;2;2;3;6;18:54:28;;;;;;
407;en;28;F;Executives;US;6;6;5;5;5;3;7;5;3;16:11:09;2;1;4;2;3;2;1;3;6;16:11:35;;;;;;
271;en;29;M;Technicians;US;4;6;5;4;3;5;7;5;6;23:01:16;3;5;6;7;3;6;5;5;6;23:01:54;;;;;;
147;en;29;F;Executives;US;2;2;4;4;3;2;7;3;3;10:29:16;2;2;3;3;3;2;2;2;6;10:30:19;;;;;;
260;en;29;M;Service Sector;US;5;5;5;5;4;5;7;5;3;13:18:17;3;2;3;3;3;3;4;4;6;13:18:34;;;;;;
555;en;29;M;Technicians;US;6;6;6;6;6;5;7;7;4;15:47:13;1;1;3;1;1;1;1;2;6;15:47:46;;;;;;
515;en;29;F;-oth-;US;3;3;3;5;3;3;7;3;3;15:31:12;4;5;5;4;4;4;3;1;6;15:30:49;;;;;;
281;en;29;F;Technicians;US;4;4;4;3;2;3;7;4;2;12:41:42;1;2;1;1;1;2;1;1;6;12:41:10;;;;;;
70;en;29;M;Academic Profession;US;7;7;7;4;1;4;7;7;1;15:40:34;1;1;1;1;1;1;1;1;6;15:40:13;;;;;;
324;en;29;F;Technicians;US;2;6;1;4;1;2;7;4;5;15:12:44;1;1;4;5;1;6;4;1;6;15:12:51;;;;;;
322;en;29;M;Technicians;US;5;2;1;4;1;3;7;3;4;15:12:04;2;5;2;4;4;6;5;1;6;15:11:54;;;;;;
249;en;29;M;Sales;US;3;3;4;5;6;4;7;4;3;11:59:02;2;3;2;4;3;4;2;1;6;11:59:30;;;;;;
153;en;29;M;Sales;US;6;5;6;4;7;3;7;5;6;22:30:27;4;4;3;6;3;6;3;3;6;22:29:48;;;;;;
15;en;29;M;Sales;US;5;3;4;4;5;5;7;4;5;12:39:06;4;3;3;4;6;4;4;4;6;12:38:47;;;;;;
364;en;29;M;Technicians;US;2;3;2;4;3;3;7;3;4;16:10:44;7;4;7;6;7;7;7;7;6;16:11:42;;;;;;
309;en;30;F;Service Sector;US;2;4;7;6;5;4;7;2;5;15:01:08;1;1;1;3;2;1;1;1;6;15:02:31;;;;;;
234;en;30;M;Sales;US;2;2;2;2;2;1;7;2;1;09:48:17;2;1;6;1;1;2;1;1;6;09:47:56;;;;;;
327;en;30;M;Technicians;US;3;3;3;2;2;2;7;2;2;14:15:47;2;2;2;2;2;2;2;2;6;14:15:26;;;;;;
76;en;30;M;Sales;US;5;5;5;4;4;5;7;5;4;11:28:15;5;4;5;4;3;5;4;4;6;11:28:45;;;;;;
103;en;30;F;Sales;US;6;7;4;6;5;6;7;7;7;09:29:24;5;6;6;5;6;6;5;3;6;09:28:50;;;;;;
159;en;30;M;Technicians;US;4;4;6;3;5;4;7;3;2;12:29:57;5;6;4;6;3;6;3;6;6;12:30:40;;;;;;
48;en;30;M;Students;US;7;7;7;7;7;7;7;7;7;00:32:39;7;7;7;6;4;6;5;7;6;00:33:33;;;;;;
339;en;30;M;Technicians;US;4;5;5;6;5;7;7;7;3;15:39:12;2;4;7;5;6;4;4;5;6;15:40:14;;;;;;
631;en;30;M;Service Sector;US;4;4;5;7;5;2;7;5;4;15:15:04;2;1;3;3;1;7;5;3;6;15:14:40;;;;;;
288;en;30;M;Technicians;US;5;4;3;6;4;4;7;4;5;10:48:38;4;5;5;4;5;6;5;4;6;10:52:02;;;;;;
620;en;30;M;-oth-;US;4;4;5;4;3;2;7;3;1;18:03:01;1;1;1;4;1;1;1;2;6;18:02:43;;;;;;
158;en;30;F;-oth-;US;5;5;7;4;5;6;7;6;4;09:29:49;2;3;6;3;6;2;5;2;6;09:31:05;;;;;;
638;en;30;M;Service Sector;US;3;3;2;1;1;1;7;5;1;17:29:12;1;1;1;1;1;1;1;1;6;17:29:38;;;;;;
630;en;31;M;Agriculture;US;5;7;2;7;6;1;7;6;4;15:14:54;3;3;1;1;2;5;7;3;6;15:14:58;;;;;;
99;en;31;M;Sales;US;4;2;3;3;1;6;7;5;2;10:32:41;1;5;2;4;4;2;3;5;6;10:37:04;;;;;;
504;en;31;M;-oth-;US;6;6;6;6;6;5;7;7;3;13:23:58;3;3;4;3;3;3;3;4;6;13:24:21;;;;;;
110;en;31;M;-oth-;US;6;7;5;1;1;2;7;7;1;10:29:46;2;1;1;7;1;1;1;2;6;10:29:02;;;;;;
386;en;31;M;Service Sector;US;5;7;5;7;4;7;7;6;1;14:10:51;2;3;4;2;7;4;5;1;6;14:11:22;;;;;;
649;en;31;F;Academic Profession;US;4;4;5;4;2;3;7;6;3;17:41:06;1;1;5;1;1;1;1;1;6;17:40:50;;;;;;
648;en;31;M;-oth-;US;4;4;4;4;4;3;7;4;3;15:38:30;1;1;1;1;1;1;1;1;6;15:39:00;;;;;;
171;en;31;M;Technicians;US;3;3;3;2;2;2;7;6;2;11:30:36;3;2;3;2;2;3;2;3;6;11:31:24;;;;;;
615;en;32;M;Technicians;US;4;3;5;4;3;5;7;4;5;14:53:21;1;1;1;1;2;2;1;1;6;14:52:17;;;;;;
318;en;32;M;Service Sector;US;3;4;2;2;3;2;7;4;3;12:09:48;2;2;3;2;3;2;2;1;6;12:10:07;;;;;;
106;en;32;M;Temporary Staff;US;6;6;7;6;2;6;7;7;5;09:28:50;6;3;7;7;6;7;6;6;6;09:29:28;;;;;;
12;en;32;M;Executives;US;5;5;6;5;5;4;7;7;6;09:39:02;5;5;5;5;5;6;5;5;6;09:38:49;;;;;;
419;en;32;F;-oth-;US;7;6;7;7;5;4;7;6;3;16:12:31;3;5;7;1;4;3;4;1;6;16:13:26;;;;;;
13;en;32;M;Academic Profession;US;6;5;4;5;4;3;7;5;4;23:44:47;5;5;4;5;4;5;6;6;6;23:44:10;;;;;;
89;en;33;F;Service Sector;US;3;5;2;4;3;3;7;4;3;12:28:37;2;2;5;1;1;1;1;1;6;12:29:06;;;;;;
390;en;33;M;-oth-;US;4;4;3;4;4;3;7;4;4;22:11:39;4;4;4;3;5;4;5;4;6;22:12:26;;;;;;
658;en;33;M;-oth-;US;5;5;5;5;5;5;7;5;3;18:02:24;2;3;3;2;2;3;3;3;6;18:01:58;;;;;;
113;en;33;M;Sales;US;5;5;5;5;5;6;7;4;2;11:31:31;3;2;2;2;2;2;2;2;6;11:31:17;;;;;;
408;en;33;F;Sales;US;7;4;5;5;4;4;7;5;2;16:11:09;4;4;3;4;5;5;5;7;6;16:11:03;;;;;;
330;en;33;M;Technicians;US;6;6;7;7;7;7;7;7;6;15:20:32;1;2;2;2;2;1;2;1;6;15:21:53;;;;;;
193;en;33;F;Sales;US;2;2;2;2;2;2;7;2;2;12:33:04;2;2;6;2;2;2;2;2;6;12:33:48;;;;;;
502;en;33;F;Sales;US;4;4;4;4;4;4;7;4;4;16:23:13;2;2;2;2;2;2;2;2;6;16:22:56;;;;;;
140;en;34;F;Service Sector;US;6;6;4;3;1;1;7;4;1;11:29:11;1;1;1;1;1;1;1;1;6;11:30:01;;;;;;
245;en;34;M;Technicians;US;2;3;3;3;3;3;7;2;4;11:56:33;1;1;4;3;2;2;1;1;6;11:57:04;;;;;;
650;en;35;M;Temporary Staff;US;4;5;5;6;5;5;7;6;4;15:41:55;5;2;6;3;6;4;5;3;6;15:42:32;;;;;;
177;en;35;F;-oth-;US;1;1;1;1;1;1;7;4;5;12:31:06;1;1;7;4;1;1;1;1;6;12:31:48;;;;;;
588;en;35;M;Executives;US;3;5;3;5;4;4;7;2;2;14:19:02;1;1;2;1;1;1;1;3;6;14:17:47;;;;;;
232;en;35;M;Academic Profession;US;5;6;6;5;5;5;7;5;6;09:47:54;6;4;5;5;4;5;5;4;6;09:48:25;;;;;;
409;en;35;M;Sales;US;7;7;7;7;3;5;7;7;4;16:11:12;1;1;5;1;1;1;4;1;6;16:11:37;;;;;;
98;en;35;M;Service Sector;US;5;6;5;6;5;6;7;6;6;19:29:14;5;5;5;6;6;5;5;5;6;19:29:43;;;;;;
219;en;35;F;-oth-;US;3;5;4;7;6;6;7;3;5;12:46:03;3;1;6;3;2;1;1;1;6;12:43:58;;;;;;
93;en;35;F;-oth-;US;4;4;4;4;3;4;7;4;2;12:29:15;1;1;3;1;3;1;1;1;6;12:28:45;;;;;;
628;en;35;F;Academic Profession;US;6;6;5;6;6;5;7;5;4;15:23:34;5;6;6;7;5;5;7;5;6;15:19:01;;;;;;
546;en;35;M;-oth-;US;5;5;4;5;5;3;7;6;2;14:44:40;2;3;2;2;2;3;1;2;6;14:44:08;;;;;;
124;en;35;M;Academic Profession;US;7;7;6;7;4;4;7;6;4;12:29:36;2;2;2;2;2;2;2;2;6;12:29:00;;;;;;
291;en;36;F;Service Sector;US;1;2;2;1;2;2;7;2;2;12:54:26;2;2;2;2;2;2;2;2;6;12:53:39;;;;;;
599;en;36;M;-oth-;US;2;5;3;3;3;2;7;5;3;17:37:03;2;2;3;2;3;2;2;2;6;17:37:26;;;;;;
564;en;36;F;-oth-;US;5;6;6;4;2;4;7;6;2;16:52:22;2;2;5;5;2;2;3;1;6;16:54:07;;;;;;
75;en;36;M;Technicians;US;2;2;2;2;4;2;7;2;3;11:28:33;2;2;3;2;2;2;2;2;6;11:29:12;;;;;;
20;en;36;M;Sales;US;7;7;6;5;7;6;7;5;4;23:43:50;4;1;1;1;1;3;3;3;6;23:43:39;;;;;;
122;en;36;F;Technicians;US;5;6;4;5;5;5;7;5;2;11:28:56;3;4;5;6;6;5;3;5;6;11:29:22;;;;;;
136;en;36;F;Service Sector;US;2;4;5;3;5;2;7;5;3;12:29:07;1;1;2;1;2;1;1;1;6;12:29:34;;;;;;
295;en;36;F;Sales;US;7;6;5;3;5;7;7;4;6;14:05:41;4;2;6;5;1;5;5;6;6;14:04:41;;;;;;
118;en;37;M;Service Sector;US;6;7;5;4;4;4;7;5;3;12:31:20;2;2;3;3;2;2;1;1;6;12:28:54;;;;;;
540;en;37;M;-oth-;US;1;1;1;1;1;1;7;1;1;13:41:19;1;1;3;1;1;1;1;1;6;13:41:04;;;;;;
596;en;37;F;-oth-;US;4;5;4;5;4;7;7;5;5;16:33:20;3;5;5;5;3;4;5;1;6;16:32:29;;;;;;
403;en;37;F;-oth-;US;3;5;6;6;7;6;7;7;1;13:11:15;1;1;5;1;2;1;1;1;6;13:12:10;;;;;;
316;en;37;F;Technicians;US;2;4;3;6;7;4;7;6;4;15:06:39;7;5;5;7;3;6;4;4;6;15:07:00;;;;;;
276;en;37;F;Sales;US;5;6;5;6;6;5;7;5;5;13:37:42;1;1;1;1;1;1;1;1;6;13:37:23;;;;;;
496;en;37;F;-oth-;US;6;7;7;7;7;7;7;7;6;16:21:36;4;1;5;6;5;4;3;4;6;16:20:39;;;;;;
73;en;37;F;Sales;US;4;4;4;5;5;6;7;2;4;12:28:48;2;2;2;2;2;2;2;2;6;12:28:26;;;;;;
196;en;37;F;Service Sector;US;5;6;6;6;6;6;7;6;4;12:36:14;4;2;5;3;3;2;2;1;6;12:35:18;;;;;;
148;en;38;F;Sales;US;1;1;1;1;1;1;7;1;1;12:29:11;1;1;3;1;1;1;1;1;6;12:29:25;;;;;;
157;en;38;M;Technicians;US;4;5;5;5;4;6;7;6;4;12:29:27;4;3;6;4;4;4;5;6;6;12:29:51;;;;;;
654;en;38;F;Service Sector;US;1;1;1;5;1;1;7;5;1;18:46:19;7;1;7;1;7;7;7;1;6;18:46:45;;;;;;
269;en;39;M;Sales;US;5;6;6;5;5;5;7;5;4;10:28:40;2;2;4;3;3;3;3;2;6;10:29:20;;;;;;
533;en;39;F;Sales;US;5;5;4;1;6;2;7;4;2;16:37:40;2;2;2;2;2;6;2;2;6;16:38:34;;;;;;
90;en;40;M;Service Sector;US;4;7;7;6;6;6;7;7;4;12:28:43;2;2;5;3;3;3;4;4;6;12:29:29;;;;;;
326;en;40;F;Executives;US;6;2;4;5;2;3;7;5;4;15:13:52;1;4;1;6;7;7;1;3;6;15:13:58;;;;;;
86;en;41;F;Executives;US;2;2;2;4;3;4;7;1;2;12:29:14;3;3;4;3;3;3;3;2;6;12:28:45;;;;;;
597;en;41;M;Technicians;US;4;3;5;4;5;4;7;4;5;16:34:21;2;2;3;7;3;2;3;2;6;16:34:50;;;;;;
105;en;41;M;Sales;US;5;3;4;7;5;4;7;2;5;11:29:38;5;2;3;1;7;2;6;1;6;11:28:44;;;;;;
112;en;42;F;Executives;US;5;6;6;4;4;3;7;6;2;12:30:02;1;1;2;2;2;2;2;1;6;12:29:09;;;;;;
120;en;43;M;Service Sector;US;5;4;3;3;4;3;7;7;3;11:29:42;1;1;4;1;1;1;1;1;6;11:29:05;;;;;;
83;en;43;F;Technicians;US;7;7;6;7;6;5;7;7;5;11:29:56;5;3;4;6;2;4;3;4;6;11:30:17;;;;;;
493;en;44;M;-oth-;US;5;4;3;3;3;4;7;5;3;16:19:07;2;1;1;2;2;2;1;1;6;16:19:59;;;;;;
293;en;44;F;Agriculture;US;4;4;3;2;3;4;7;4;2;13:56:20;4;4;3;4;4;3;3;2;6;13:55:49;;;;;;
172;en;44;F;Service Sector;US;1;3;2;2;4;2;7;2;5;11:30:57;2;2;5;2;6;2;2;1;6;11:31:30;;;;;;
382;en;44;F;Service Sector;US;2;2;2;2;1;1;7;2;1;13:11:58;2;3;2;2;2;1;1;1;6;13:11:18;;;;;;
430;en;45;F;-oth-;US;4;7;5;7;4;4;7;4;1;16:14:36;2;1;5;1;1;1;1;1;6;16:14:15;;;;;;
174;en;45;F;Service Sector;US;2;2;6;3;3;3;7;2;6;10:36:01;2;1;1;1;2;2;1;1;6;10:36:11;;;;;;
524;en;46;M;Temporary Staff;US;3;4;4;4;3;4;7;4;2;16:33:35;2;3;4;4;2;2;2;3;6;16:34:57;;;;;;
432;en;48;F;Executives;US;4;4;6;5;6;5;7;4;5;14:16:44;4;6;6;5;7;6;5;5;6;14:14:14;;;;;;
285;en;48;F;Executives;US;5;7;5;5;6;5;7;5;6;11:47:18;4;4;5;6;6;5;5;4;6;11:49:25;;;;;;
338;en;48;F;Service Sector;US;1;1;2;2;2;2;7;2;1;14:36:05;1;1;1;1;1;1;1;1;6;14:36:29;;;;;;
129;en;50;F;-oth-;US;5;4;4;5;6;2;7;3;5;11:30:02;4;6;5;6;6;5;4;2;6;11:29:21;;;;;;
400;en;52;F;Service Sector;US;5;5;5;4;4;3;7;6;3;16:13:14;2;1;4;3;3;2;2;2;6;16:12:20;;;;;;
74;en;53;F;Sales;US;6;6;5;2;6;2;7;5;1;12:29:10;1;1;6;3;2;3;1;2;6;12:28:38;;;;;;
393;en;53;M;Agriculture;US;4;5;4;4;4;5;7;5;4;15:11:23;5;6;5;7;4;5;6;6;6;15:11:44;;;;;;
104;en;55;M;Academic Profession;US;4;4;4;4;2;2;7;5;1;09:28:47;1;1;4;1;1;1;1;1;6;09:29:20;;;;;;
263;en;56;M;Sales;US;2;2;4;2;2;2;7;3;2;13:22:01;1;1;3;2;2;1;1;2;6;13:22:32;;;;;;
425;en;56;F;Sales;US;2;4;2;2;1;1;7;4;1;13:13:13;1;1;1;1;1;1;1;1;6;13:12:22;;;;;;
343;en;58;F;Executives;US;2;2;2;2;2;2;7;2;4;15:57:11;2;3;4;4;3;2;2;2;6;15:56:38;;;;;;
223;en;59;M;Sales;US;1;3;1;1;5;1;7;1;1;10:43:54;1;1;7;1;6;2;1;1;6;10:45:13;;;;;;
614;en;59;M;Service Sector;US;5;5;3;6;6;2;7;4;1;17:52:14;1;2;2;2;1;1;1;1;6;17:52:47;;;;;;
643;en;59;F;-oth-;US;2;4;4;5;4;4;7;3;5;18:35:12;2;1;3;2;3;2;1;1;6;18:35:40;;;;;;
87;en;59;F;-oth-;US;4;3;3;4;2;6;7;3;2;11:28:54;5;4;2;3;2;3;4;5;6;11:30:33;;;;;;
31;en;61;F;-oth-;US;4;4;6;6;5;3;7;1;3;02:53:35;2;1;3;1;2;1;1;1;6;02:52:58;;;;;;
267;en;62;F;Service Sector;US;2;2;4;5;6;6;7;1;6;11:24:44;3;2;4;1;3;2;1;1;6;11:25:18;;;;;;
228;en;62;F;Service Sector;US;5;6;4;1;2;1;7;6;5;10:46:44;1;1;7;1;1;1;3;4;6;10:48:37;;;;;;
416;en;63;M;Executives;US;1;1;1;1;1;1;7;1;1;13:12:48;1;1;2;1;1;1;1;1;6;13:14:13;;;;;;
385;en;63;F;Social Services ;US;2;4;4;4;5;3;7;5;5;13:11:06;2;2;2;2;2;2;1;2;6;13:11:49;;;;;;
417;en;65;F;-oth-;US;1;1;1;4;4;1;7;1;6;16:12:27;1;1;2;1;6;1;1;1;6;16:11:40;;;;;;
107;en;67;F;Academic Profession;US;2;2;2;2;3;2;7;1;1;12:29:23;1;1;2;2;2;1;1;1;6;12:28:52;;;;;;
328;en;69;M;Service Sector;US;1;1;1;1;1;5;7;7;1;15:18:34;1;1;7;7;5;7;1;1;6;15:19:12;;;;;;
300;en;18;M;Sales;US;6;7;6;7;6;7;7;7;6;13:33:11;6;6;6;7;7;6;7;7;6;13:32:51;;;;;;